"gene","logFC","AveExpr","t","pvalue","padj"
"GENE0001",0.1073,3.4838,0.5527,0.5927,0.9745
"GENE0002",0.7635,6.6349,1.309,0.2317,0.8055
"GENE0003",-0.415,7.971,-1.1743,0.2677,0.8513
"GENE0004",-0.6912,1.1275,-1.6479,0.1429,0.6728
"GENE0005",-0.2327,6.7218,-0.9021,0.3884,0.899
"GENE0006",-0.0742,7.2612,-0.3139,0.7603,0.9888
"GENE0007",0.4433,4.9287,0.9471,0.3728,0.894
"GENE0008",-0.2151,5.0272,-1.2975,0.2273,0.8033
"GENE0009",-0.2054,4.7392,-0.7881,0.4489,0.9154
"GENE0010",0.3985,4.0788,1.2464,0.2424,0.8235
"GENE0011",0.7638,5.0562,3.4351,0.007892,0.1214
"GENE0012",0.117,3.9597,0.3734,0.7166,0.9879
"GENE0013",1.3983,4.5554,2.1953,0.05303,0.4311
"GENE0014",-0.071,5.9438,-0.2693,0.7942,0.9888
"GENE0015",-0.4134,7.6281,-0.8353,0.4261,0.9033
"GENE0016",-0.5417,5.6331,-1.8132,0.1051,0.6048
"GENE0017",0.6939,4.296,1.2487,0.2548,0.8462
"GENE0018",-0.4368,4.4587,-0.9696,0.3554,0.8898
"GENE0019",3.019,5.548,4.8066,0.0007293,0.01779
"GENE0020",-0.4395,10.6086,-1.0805,0.3188,0.8739
"GENE0021",-0.1652,6.3118,-0.3351,0.7446,0.9888
"GENE0022",0.72,4.7651,1.9505,0.08232,0.526
"GENE0023",-0.7289,4.4359,-1.0942,0.3042,0.8732
"GENE0024",-0.182,6.9457,-0.6988,0.508,0.9416
"GENE0025",-0.6019,4.2781,-1.8214,0.1008,0.6011
"GENE0026",0.0792,3.1171,0.1443,0.8889,0.9888
"GENE0027",-0.4985,7.1823,-1.127,0.2922,0.8661
"GENE0028",0.4268,3.7705,0.8955,0.3971,0.9008
"GENE0029",2.8127,6.7652,8.5794,2.398e-05,0.001918
"GENE0030",0.0722,3.8997,0.1755,0.8652,0.9888
"GENE0031",0.3347,8.1108,1.1842,0.264,0.8504
"GENE0032",-0.5444,5.3382,-1.3505,0.2112,0.7895
"GENE0033",-0.2595,4.6669,-1.1585,0.2736,0.8551
"GENE0034",-0.9397,5.1561,-1.9548,0.08004,0.526
"GENE0035",0.4434,2.6893,1.881,0.09798,0.5867
"GENE0036",0.1886,3.897,0.2804,0.7859,0.9888
"GENE0037",-0.1968,2.4426,-0.26,0.8021,0.9888
"GENE0038",-0.4466,2.8253,-1.3676,0.2055,0.7864
"GENE0039",0.3164,5.1399,0.7986,0.4439,0.9135
"GENE0040",-1.1103,4.7468,-2.4789,0.0346,0.3296
"GENE0041",0.3826,9.0707,1.0852,0.3033,0.8732
"GENE0042",0.2872,3.3413,0.4381,0.674,0.9879
"GENE0043",0.7536,4.6124,2.209,0.05424,0.4357
"GENE0044",-1.8604,5.1454,-3.4105,0.009443,0.1394
"GENE0045",-0.0294,4.5667,-0.05,0.9614,0.9911
"GENE0046",0.4775,3.607,0.8079,0.4381,0.9086
"GENE0047",-0.5771,3.7138,-2.2711,0.05881,0.4541
"GENE0048",0.482,3.6802,0.9724,0.3706,0.894
"GENE0049",0.8283,5.2703,5.4332,0.0003181,0.01004
"GENE0050",-0.2724,5.2083,-1.0104,0.3395,0.8823
"GENE0051",-0.1409,1.758,-0.2341,0.8206,0.9888
"GENE0052",0.208,4.6054,0.3008,0.7703,0.9888
"GENE0053",-2.9898,2.0787,-6.7789,7.943e-05,0.003875
"GENE0054",-0.2325,4.0052,-1.0261,0.3309,0.8739
"GENE0055",-0.0727,5.8241,-0.1528,0.8816,0.9888
"GENE0056",-0.0267,7.0446,-0.1399,0.8916,0.9895
"GENE0057",-0.0602,8.801,-0.1188,0.9079,0.9908
"GENE0058",-0.4542,4.3849,-0.8254,0.4285,0.9038
"GENE0059",0.9966,9.7453,5.3449,0.0003404,0.01047
"GENE0060",0.1537,3.5185,0.3491,0.7345,0.9888
"GENE0061",-0.3771,7.4697,-1.0104,0.3406,0.8823
"GENE0062",-1.4196,10.5135,-3.0367,0.01287,0.1739
"GENE0063",0.2141,5.9583,0.366,0.7221,0.9879
"GENE0064",-0.2473,4.6065,-1.047,0.3241,0.8739
"GENE0065",-0.0295,6.1627,-0.0913,0.9294,0.9908
"GENE0066",-0.9403,9.4638,-1.7308,0.1191,0.622
"GENE0067",2.5702,4.5531,3.1594,0.01059,0.1481
"GENE0068",-0.9496,8.7936,-1.4199,0.187,0.7586
"GENE0069",-0.3901,8.4951,-1.7186,0.1243,0.6295
"GENE0070",1.4299,7.6065,5.9054,0.0004712,0.0131
"GENE0071",-0.2214,5.7983,-0.9969,0.3478,0.8845
"GENE0072",0.01,4.8972,0.0315,0.9755,0.9932
"GENE0073",-0.115,4.5198,-0.3139,0.761,0.9888
"GENE0074",0.4469,6.9723,1.1776,0.269,0.8516
"GENE0075",0.0724,10.8329,0.1002,0.9223,0.9908
"GENE0076",2.2574,7.4683,4.0235,0.004221,0.07215
"GENE0077",-0.0156,3.4731,-0.046,0.9644,0.9911
"GENE0078",-0.2215,4.4574,-0.7175,0.4895,0.9309
"GENE0079",-0.5995,6.0434,-2.9137,0.01586,0.202
"GENE0080",0.2259,5.5799,0.5346,0.607,0.9745
"GENE0081",-0.0866,5.5969,-0.1984,0.8468,0.9888
"GENE0082",-0.4128,5.4387,-0.6221,0.5478,0.9586
"GENE0083",-0.3497,3.449,-0.7832,0.4518,0.9155
"GENE0084",0.5661,5.4348,1.2041,0.2568,0.8465
"GENE0085",3.5728,8.5935,9.8154,6.463e-06,0.0008079
"GENE0086",0.3763,7.2347,1.838,0.09597,0.5799
"GENE0087",0.1296,7.3103,0.2412,0.8149,0.9888
"GENE0088",0.1156,5.3907,0.3875,0.7068,0.9879
"GENE0089",0.1626,5.6654,0.8556,0.4197,0.903
"GENE0090",0.4649,3.2869,1.0824,0.307,0.8732
"GENE0091",-1.4231,5.1802,-2.3652,0.04286,0.3861
"GENE0092",-0.2757,6.5676,-1.6084,0.139,0.6728
"GENE0093",0.8372,10.083,1.5864,0.149,0.6837
"GENE0094",-0.5131,8.1821,-1.2346,0.2616,0.8504
"GENE0095",0.0256,4.9673,0.0965,0.9255,0.9908
"GENE0096",0.0462,6.6603,0.1929,0.852,0.9888
"GENE0097",-0.0476,3.9906,-0.1288,0.9002,0.9895
"GENE0098",0.4263,8.096,0.9846,0.348,0.8845
"GENE0099",-1.665,7.3842,-4.0498,0.002327,0.04608
"GENE0100",-0.2341,10.2112,-0.5497,0.5967,0.9745
"GENE0101",0.1905,7.0641,0.3116,0.7642,0.9888
"GENE0102",-0.4157,4.9672,-0.9374,0.3709,0.894
"GENE0103",-0.1222,6.0112,-0.4453,0.6665,0.9861
"GENE0104",0.2126,4.8629,0.8557,0.4122,0.9008
"GENE0105",-0.4467,3.906,-1.1335,0.2973,0.8716
"GENE0106",-0.0684,6.1967,-0.1149,0.911,0.9908
"GENE0107",0.317,4.3506,0.6335,0.5416,0.9569
"GENE0108",0.2399,6.7968,0.3656,0.7225,0.9879
"GENE0109",0.1561,6.5349,0.5755,0.5785,0.9693
"GENE0110",-0.0496,5.7519,-0.107,0.9169,0.9908
"GENE0111",-0.2175,5.3924,-0.6923,0.5051,0.9416
"GENE0112",-0.3936,4.7605,-1.7614,0.1087,0.6048
"GENE0113",0.328,3.6407,1.3102,0.2259,0.8033
"GENE0114",0.132,7.9817,0.3101,0.7631,0.9888
"GENE0115",-0.5682,5.9706,-2.603,0.0281,0.2886
"GENE0116",-0.531,7.8442,-0.96,0.3608,0.8914
"GENE0117",0.1071,2.5416,0.1352,0.8954,0.9895
"GENE0118",-0.0164,6.9534,-0.0564,0.9562,0.9908
"GENE0119",-0.4931,7.4313,-1.0551,0.3241,0.8739
"GENE0120",0.3479,5.9227,1.1814,0.2648,0.8504
"GENE0121",0.0655,5.3301,0.1052,0.9183,0.9908
"GENE0122",-0.1612,4.3488,-0.4404,0.6697,0.9867
"GENE0123",0.4698,9.635,1.3591,0.204,0.7864
"GENE0124",0.0211,7.9179,0.0553,0.9571,0.9908
"GENE0125",-0.3971,9.5465,-1.1385,0.2815,0.8617
"GENE0126",0.159,5.8995,0.4847,0.6444,0.9793
"GENE0127",0.2053,4.957,0.8181,0.4326,0.9045
"GENE0128",0.1092,2.8888,0.5192,0.6149,0.9745
"GENE0129",0.2683,4.5562,0.7605,0.4661,0.9222
"GENE0130",0.0303,6.489,0.1298,0.9,0.9895
"GENE0131",0.3728,8.0877,1.0392,0.3292,0.8739
"GENE0132",-0.0752,6.8937,-0.1082,0.9162,0.9908
"GENE0133",-0.7282,3.4988,-1.3408,0.2097,0.7895
"GENE0134",0.1322,6.6944,0.2112,0.8374,0.9888
"GENE0135",-0.0163,3.187,-0.046,0.9642,0.9911
"GENE0136",-0.2032,4.9475,-0.5871,0.5702,0.9689
"GENE0137",0.1428,5.1186,0.5363,0.6039,0.9745
"GENE0138",0.757,2.4066,2.5277,0.03,0.3043
"GENE0139",2.1976,8.9622,7.9654,2.969e-05,0.002036
"GENE0140",0.0505,4.8811,0.1586,0.8773,0.9888
"GENE0141",0.2035,5.5255,0.4954,0.6344,0.9745
"GENE0142",0.4255,9.0112,1.0642,0.3323,0.8739
"GENE0143",0.201,6.7695,0.6378,0.5381,0.9557
"GENE0144",-1.6251,5.097,-4.3725,0.001401,0.03113
"GENE0145",0.6531,6.7847,0.9427,0.3741,0.894
"GENE0146",-0.5185,7.4021,-1.3109,0.2198,0.8019
"GENE0147",0.4553,9.6352,1.4789,0.17,0.7223
"GENE0148",0.7203,6.5032,1.5238,0.1686,0.7213
"GENE0149",0.1129,7.2009,0.204,0.8426,0.9888
"GENE0150",-0.1162,6.1233,-0.3203,0.7559,0.9888
"GENE0151",0.2148,5.2727,0.4111,0.6931,0.9879
"GENE0152",1.398,7.0587,2.6408,0.03248,0.3153
"GENE0153",-1.4906,8.5861,-6.2258,0.0004782,0.0131
"GENE0154",-0.0978,4.3264,-0.1575,0.8782,0.9888
"GENE0155",1.5605,7.3004,5.4403,0.0003651,0.0109
"GENE0156",0.5383,8.8549,2.2728,0.04639,0.4017
"GENE0157",-0.2084,5.8746,-0.8444,0.4195,0.903
"GENE0158",-0.1676,3.7336,-0.5179,0.6175,0.9745
"GENE0159",-0.1741,4.2658,-0.3354,0.7444,0.9888
"GENE0160",0.0506,5.1448,0.1559,0.8792,0.9888
"GENE0161",0.0624,4.183,0.2481,0.8094,0.9888
"GENE0162",0.3535,5.5017,1.345,0.2086,0.7895
"GENE0163",0.6391,5.6188,1.9909,0.07985,0.526
"GENE0164",-0.5694,5.8105,-0.9357,0.3823,0.8962
"GENE0165",-0.043,7.0001,-0.1009,0.922,0.9908
"GENE0166",-0.0485,7.5399,-0.1357,0.8949,0.9895
"GENE0167",0.237,9.869,0.6211,0.5511,0.9626
"GENE0168",0.5018,5.686,1.4871,0.1705,0.7227
"GENE0169",-0.1503,5.3273,-0.4588,0.6606,0.9861
"GENE0170",-0.731,9.3191,-0.8674,0.4063,0.9008
"GENE0171",-0.0103,9.9175,-0.0205,0.9842,0.9959
"GENE0172",-0.4905,6.3688,-0.7674,0.4607,0.9189
"GENE0173",-0.2255,5.3013,-0.6165,0.5588,0.9649
"GENE0174",-0.5833,2.5654,-1.1015,0.2977,0.8716
"GENE0175",-0.0029,8.9764,-0.0068,0.9948,0.9993
"GENE0176",0.1359,4.1674,0.2216,0.8291,0.9888
"GENE0177",0.1331,3.8628,0.416,0.6897,0.9879
"GENE0178",0.2306,12.1228,0.8076,0.4495,0.9154
"GENE0179",0.6044,6.5705,0.8758,0.4068,0.9008
"GENE0180",-1.1645,5.7479,-3.6018,0.005418,0.08956
"GENE0181",-0.6533,0.2665,-2.6877,0.0274,0.2886
"GENE0182",-0.8096,5.8643,-2.3141,0.04774,0.408
"GENE0183",-0.4299,8.1275,-1.1854,0.2691,0.8516
"GENE0184",1.9708,7.2517,3.856,0.003194,0.05861
"GENE0185",1.5085,8.0415,2.2981,0.06547,0.4831
"GENE0186",-0.4161,10.1738,-0.9325,0.3733,0.894
"GENE0187",0.4338,7.5155,0.794,0.4459,0.9146
"GENE0188",-0.0749,5.0721,-0.1188,0.9077,0.9908
"GENE0189",0.5721,7.2916,3.0168,0.02077,0.2463
"GENE0190",1.2552,6.3298,2.6053,0.02723,0.2886
"GENE0191",0.1264,4.9446,0.2585,0.8013,0.9888
"GENE0192",0.1023,0.1914,0.2652,0.7964,0.9888
"GENE0193",0.1649,4.461,0.8899,0.3949,0.9008
"GENE0194",-0.5026,7.1402,-1.0292,0.3278,0.8739
"GENE0195",0.1033,9.631,0.2563,0.8029,0.9888
"GENE0196",0.4207,6.8332,1.8462,0.1035,0.6048
"GENE0197",-0.8418,7.3757,-1.634,0.1472,0.6816
"GENE0198",0.7293,4.057,2.7875,0.0216,0.2506
"GENE0199",-0.02,6.5322,-0.1439,0.8886,0.9888
"GENE0200",-0.4818,1.4598,-0.8344,0.4248,0.9033
"GENE0201",0.8194,6.6265,1.8107,0.101,0.6011
"GENE0202",-0.2002,7.3839,-0.4866,0.6415,0.9783
"GENE0203",0.158,6.0035,0.3957,0.7018,0.9879
"GENE0204",0.2757,7.8706,0.7876,0.4502,0.9154
"GENE0205",-0.0486,7.0244,-0.11,0.915,0.9908
"GENE0206",-0.0244,7.978,-0.0337,0.9739,0.9922
"GENE0207",-0.0836,9.6849,-0.3102,0.7672,0.9888
"GENE0208",-0.5453,8.5,-1.4228,0.1869,0.7586
"GENE0209",1.7584,6.933,5.0388,0.001618,0.03444
"GENE0210",0.2767,3.5431,1.0635,0.317,0.8739
"GENE0211",-0.123,6.5751,-0.2441,0.8127,0.9888
"GENE0212",-0.3677,4.7259,-1.4367,0.1909,0.7619
"GENE0213",-0.0456,9.1425,-0.1591,0.8781,0.9888
"GENE0214",-0.0216,3.1263,-0.075,0.9418,0.9908
"GENE0215",0.7446,5.2078,1.6868,0.1225,0.6261
"GENE0216",0.4081,6.646,0.8781,0.4036,0.9008
"GENE0217",0.4405,6.1073,1.331,0.2227,0.8019
"GENE0218",-0.4009,4.463,-1.0534,0.3197,0.8739
"GENE0219",0.0377,5.3754,0.098,0.9239,0.9908
"GENE0220",-0.2526,7.1945,-1.0601,0.3163,0.8739
"GENE0221",-2.2886,6.7676,-3.7579,0.003844,0.06686
"GENE0222",-0.0552,7.4543,-0.3192,0.7584,0.9888
"GENE0223",1.2448,10.8995,2.7163,0.02187,0.2513
"GENE0224",-0.0993,8.6355,-0.1274,0.9014,0.9895
"GENE0225",0.1731,6.4172,0.4065,0.693,0.9879
"GENE0226",-0.0604,4.8179,-0.2122,0.8371,0.9888
"GENE0227",-0.1686,11.6663,-0.6621,0.524,0.9504
"GENE0228",0.319,7.3636,0.6128,0.554,0.9631
"GENE0229",-0.1984,4.6738,-0.4625,0.6537,0.9845
"GENE0230",0.1395,5.9485,0.4958,0.6315,0.9745
"GENE0231",0.1133,5.3647,0.2501,0.8079,0.9888
"GENE0232",0.035,5.3364,0.1908,0.8527,0.9888
"GENE0233",0.7222,4.3769,2.332,0.04219,0.3842
"GENE0234",-0.7545,5.826,-2.3145,0.04512,0.3976
"GENE0235",0.2184,6.6864,1.1091,0.2957,0.8704
"GENE0236",0.0898,3.9015,0.3797,0.7122,0.9879
"GENE0237",0.2713,-0.7456,0.3738,0.7177,0.9879
"GENE0238",-0.1483,5.0292,-0.5023,0.6272,0.9745
"GENE0239",-0.0992,5.61,-0.3823,0.7147,0.9879
"GENE0240",-0.2422,7.458,-0.642,0.5354,0.9543
"GENE0241",-0.3341,6.0054,-1.022,0.3325,0.8739
"GENE0242",-0.0275,6.6548,-0.0934,0.9275,0.9908
"GENE0243",0.4887,3.9771,1.9348,0.08386,0.5307
"GENE0244",0.1392,7.2292,0.7243,0.4875,0.9309
"GENE0245",0.223,7.6925,0.4995,0.6282,0.9745
"GENE0246",0.5526,6.6218,1.1625,0.272,0.8527
"GENE0247",-0.4969,7.7777,-1.3501,0.2105,0.7895
"GENE0248",0.3564,6.5761,0.9929,0.3456,0.8845
"GENE0249",-0.3358,6.4012,-1.1207,0.2964,0.8704
"GENE0250",-0.3968,6.521,-1.2913,0.2259,0.8033
"GENE0251",0.1081,6.4957,0.1996,0.846,0.9888
"GENE0252",-0.6308,8.0164,-0.9846,0.3481,0.8845
"GENE0253",-0.0382,6.5955,-0.102,0.9207,0.9908
"GENE0254",0.3495,7.7668,0.612,0.5545,0.9631
"GENE0255",-0.5,3.3633,-1.7597,0.1097,0.6048
"GENE0256",-0.2472,5.3406,-0.7191,0.4953,0.9346
"GENE0257",0.9917,9.3476,3.6064,0.005316,0.0886
"GENE0258",0.4364,3.3416,1.9847,0.08227,0.526
"GENE0259",-0.0509,6.4151,-0.1291,0.8998,0.9895
"GENE0260",0.5797,7.0122,1.196,0.2599,0.8489
"GENE0261",0.3095,8.3719,0.7475,0.4794,0.9288
"GENE0262",-0.3498,5.8499,-1.3918,0.2009,0.7831
"GENE0263",-0.0429,6.3936,-0.2019,0.8442,0.9888
"GENE0264",0.0987,2.2301,0.3315,0.7471,0.9888
"GENE0265",0.0843,6.0962,0.1352,0.8957,0.9895
"GENE0266",0.2244,4.6235,0.4995,0.6285,0.9745
"GENE0267",0.1094,5.6299,0.4267,0.6796,0.9879
"GENE0268",-0.0188,3.9346,-0.0487,0.9621,0.9911
"GENE0269",-0.1173,6.8199,-0.4747,0.647,0.9803
"GENE0270",-0.3736,7.4401,-0.7133,0.4926,0.9309
"GENE0271",-1.6433,4.3289,-4.3547,0.002031,0.04144
"GENE0272",-0.424,9.3173,-0.9257,0.381,0.8961
"GENE0273",-4e-04,7.3052,-0.0015,0.9989,0.9999
"GENE0274",0.0662,8.0179,0.215,0.8342,0.9888
"GENE0275",-1.9245,9.5934,-5.6976,0.0002043,0.007565
"GENE0276",0.1431,4.9903,0.5689,0.5846,0.9711
"GENE0277",-0.1399,7.9818,-0.467,0.6542,0.9845
"GENE0278",2.5808,9.3843,7.4261,4.149e-05,0.002515
"GENE0279",-0.5269,5.6139,-0.9611,0.3637,0.8914
"GENE0280",1.0191,7.1681,2.5931,0.03101,0.3058
"GENE0281",0.3596,4.6187,0.6552,0.5271,0.9504
"GENE0282",0.0851,6.8924,0.1605,0.8764,0.9888
"GENE0283",0.5265,4.17,1.2814,0.2438,0.8235
"GENE0284",-0.7734,7.2571,-1.4628,0.1749,0.7332
"GENE0285",-0.3202,4.1366,-0.5124,0.6198,0.9745
"GENE0286",-0.066,6.7744,-0.1279,0.9011,0.9895
"GENE0287",-0.2146,4.2967,-0.5324,0.6062,0.9745
"GENE0288",-0.2007,5.6951,-0.7878,0.4491,0.9154
"GENE0289",-1.8498,1.3894,-3.0658,0.01301,0.1747
"GENE0290",-0.2199,6.5345,-0.3647,0.7243,0.9879
"GENE0291",-4.2905,5.4917,-6.0396,0.0001769,0.006811
"GENE0292",1.0574,5.9451,3.5099,0.009364,0.1394
"GENE0293",0.3909,2.271,0.6046,0.5601,0.9649
"GENE0294",-0.0052,5.336,-0.0136,0.9894,0.9979
"GENE0295",0.0439,9.5653,0.0916,0.9288,0.9908
"GENE0296",-0.5029,9.3313,-1.4174,0.1908,0.7619
"GENE0297",-0.3996,3.4323,-1.707,0.1194,0.622
"GENE0298",0.2499,4.9296,0.6518,0.5294,0.9504
"GENE0299",1.5081,7.1478,4.5847,0.001085,0.02552
"GENE0300",-0.1224,6.6755,-0.315,0.7595,0.9888
"GENE0301",0.0913,4.9224,0.1359,0.895,0.9895
"GENE0302",-0.0262,3.7721,-0.0445,0.9654,0.9911
"GENE0303",0.3173,5.1071,0.5442,0.5983,0.9745
"GENE0304",-0.521,7.9875,-1.0696,0.3128,0.8739
"GENE0305",0.3409,6.192,1.1313,0.2861,0.8617
"GENE0306",-0.1438,4.7623,-0.7919,0.4495,0.9154
"GENE0307",-0.1521,5.013,-0.4137,0.6878,0.9879
"GENE0308",0.1695,8.8818,0.3337,0.7466,0.9888
"GENE0309",0.2268,5.1866,0.9181,0.3803,0.8958
"GENE0310",0.0831,7.218,0.214,0.8349,0.9888
"GENE0311",0.0308,8.8497,0.082,0.9363,0.9908
"GENE0312",-0.0486,7.2943,-0.1569,0.8786,0.9888
"GENE0313",0.3079,4.9776,0.4774,0.6459,0.9793
"GENE0314",0.1077,6.0816,0.2985,0.7716,0.9888
"GENE0315",-0.2734,4.9052,-1.7115,0.131,0.6502
"GENE0316",-0.6306,8.1628,-1.0898,0.307,0.8732
"GENE0317",0.1294,5.5639,0.1857,0.8564,0.9888
"GENE0318",0.0754,8.9995,0.2815,0.7845,0.9888
"GENE0319",0.3795,5.0365,1.1811,0.2675,0.8513
"GENE0320",-0.3411,4.7174,-0.8681,0.406,0.9008
"GENE0321",-0.1108,5.7347,-0.4138,0.6878,0.9879
"GENE0322",-0.2616,6.1898,-0.5564,0.5909,0.9745
"GENE0323",0.2894,4.9758,0.8686,0.4064,0.9008
"GENE0324",-0.64,2.9184,-2.1496,0.08126,0.526
"GENE0325",-0.1155,6.2401,-0.356,0.7295,0.9879
"GENE0326",0.2758,5.174,0.4938,0.6337,0.9745
"GENE0327",0.043,8.5531,0.1474,0.886,0.9888
"GENE0328",-0.6363,4.3262,-1.9671,0.07768,0.5258
"GENE0329",0.0937,8.4733,0.175,0.8646,0.9888
"GENE0330",-0.6307,4.7159,-1.3891,0.1951,0.7679
"GENE0331",-0.1437,6.8331,-0.4808,0.6416,0.9783
"GENE0332",0.0035,7.9781,0.0156,0.9879,0.9974
"GENE0333",0.661,5.3192,2.1137,0.07215,0.5081
"GENE0334",-0.3558,7.6115,-0.8634,0.4119,0.9008
"GENE0335",-0.194,6.3545,-0.6643,0.5279,0.9504
"GENE0336",-0.43,3.8093,-1.9576,0.09174,0.5611
"GENE0337",-0.1761,5.1705,-0.3725,0.7213,0.9879
"GENE0338",-0.0278,9.373,-0.0806,0.9377,0.9908
"GENE0339",-0.0232,5.468,-0.0802,0.9386,0.9908
"GENE0340",-0.132,4.4144,-0.4527,0.663,0.9861
"GENE0341",-0.4031,5.487,-0.7375,0.4801,0.9288
"GENE0342",0.0476,6.4884,0.0924,0.9292,0.9908
"GENE0343",0.123,8.263,0.4254,0.6796,0.9879
"GENE0344",0.647,7.889,1.4539,0.1892,0.7618
"GENE0345",0.1325,6.4481,0.3104,0.7631,0.9888
"GENE0346",0.0045,8.6551,0.0113,0.9912,0.9987
"GENE0347",0.6925,5.0943,1.852,0.1032,0.6048
"GENE0348",0.3635,1.734,0.9947,0.3442,0.8845
"GENE0349",0.2184,5.0297,0.8819,0.3989,0.9008
"GENE0350",-0.0779,5.214,-0.1609,0.8754,0.9888
"GENE0351",0.0704,1.4087,0.1733,0.8674,0.9888
"GENE0352",0.0812,6.9283,0.3561,0.7298,0.9879
"GENE0353",0.0024,3.803,0.0057,0.9956,0.9993
"GENE0354",0.168,5.6855,0.5827,0.5736,0.9693
"GENE0355",1.017,3.087,1.9266,0.1049,0.6048
"GENE0356",-0.2355,6.8671,-0.6024,0.5653,0.9689
"GENE0357",-0.4394,9.6551,-1.3257,0.2205,0.8019
"GENE0358",0.1446,3.8941,0.2422,0.8136,0.9888
"GENE0359",0.8236,5.8629,2.5773,0.03283,0.3157
"GENE0360",-0.5123,9.9071,-0.716,0.4994,0.9379
"GENE0361",-0.0787,8.0336,-0.301,0.7711,0.9888
"GENE0362",0.5772,10.0379,1.4276,0.1841,0.7586
"GENE0363",0.4991,5.746,1.1396,0.281,0.8617
"GENE0364",0.3039,6.1939,0.4538,0.6621,0.9861
"GENE0365",0.1867,4.7432,0.5794,0.5776,0.9693
"GENE0366",0.1554,8.7494,1.0487,0.3193,0.8739
"GENE0367",-0.5369,3.5108,-1.0319,0.3342,0.8739
"GENE0368",0.6721,6.4136,1.7692,0.1089,0.6048
"GENE0369",0.2689,5.9071,1.1057,0.2951,0.8704
"GENE0370",-0.002,10.5095,-0.008,0.9938,0.9993
"GENE0371",0.0686,4.924,0.6326,0.5412,0.9569
"GENE0372",0.8105,2.3212,1.396,0.2056,0.7864
"GENE0373",0.0682,6.5678,0.1438,0.8889,0.9888
"GENE0374",0.3875,5.8445,0.9404,0.3713,0.894
"GENE0375",-0.2846,4.278,-0.5099,0.6226,0.9745
"GENE0376",0.4808,6.0676,1.427,0.1864,0.7586
"GENE0377",-0.0899,5.3446,-0.2083,0.842,0.9888
"GENE0378",-0.1233,4.5726,-0.2026,0.845,0.9888
"GENE0379",-0.2269,6.7162,-0.4487,0.6642,0.9861
"GENE0380",0.6267,5.7537,0.8751,0.4027,0.9008
"GENE0381",0.1336,2.2954,0.2358,0.819,0.9888
"GENE0382",0.0179,0.7928,0.0562,0.9564,0.9908
"GENE0383",-0.745,5.1247,-1.7581,0.1115,0.6111
"GENE0384",0.4513,8.8875,1.439,0.1841,0.7586
"GENE0385",-0.2826,7.4133,-0.8059,0.4407,0.9106
"GENE0386",0.6701,8.6794,2.5354,0.03104,0.3058
"GENE0387",0.0637,7.9535,0.2114,0.837,0.9888
"GENE0388",0.0649,6.4965,0.2735,0.7943,0.9888
"GENE0389",-0.3648,2.4643,-0.844,0.4186,0.903
"GENE0390",0.3113,6.3036,2.2947,0.04829,0.4093
"GENE0391",0.3652,8.9129,0.9667,0.3567,0.8898
"GENE0392",0.2596,-0.7102,0.6847,0.5093,0.9416
"GENE0393",-0.1072,4.4458,-0.417,0.6874,0.9879
"GENE0394",-0.3752,8.8924,-0.9964,0.3475,0.8845
"GENE0395",-0.6011,6.8894,-2.2232,0.06137,0.4667
"GENE0396",-0.5557,7.4674,-1.3608,0.2035,0.7864
"GENE0397",0.2806,6.7375,0.3867,0.7075,0.9879
"GENE0398",0.1575,6.9101,0.7576,0.4686,0.9225
"GENE0399",1.1633,6.8693,2.5354,0.03013,0.3043
"GENE0400",0.1109,4.2083,0.3003,0.7718,0.9888
"GENE0401",-0.2812,3.2854,-1.597,0.149,0.6837
"GENE0402",0.2406,5.5532,0.6797,0.5126,0.9436
"GENE0403",0.3795,5.0625,1.1354,0.2851,0.8617
"GENE0404",0.1634,4.1859,0.3249,0.752,0.9888
"GENE0405",-0.1082,6.7158,-0.5834,0.5731,0.9693
"GENE0406",-0.3464,6.4639,-0.9514,0.3646,0.8914
"GENE0407",-0.4291,8.8672,-1.3498,0.2104,0.7895
"GENE0408",0.0885,3.7628,0.5391,0.6022,0.9745
"GENE0409",-0.7103,5.3944,-1.3033,0.222,0.8019
"GENE0410",0.3855,6.0719,0.6354,0.5407,0.9569
"GENE0411",0.254,3.276,0.4231,0.682,0.9879
"GENE0412",0.4645,5.2973,1.5177,0.1619,0.7058
"GENE0413",0.1561,4.6326,0.3195,0.7607,0.9888
"GENE0414",-0.6602,1.8147,-1.8056,0.1027,0.6048
"GENE0415",-0.6762,5.2705,-1.7154,0.1171,0.6178
"GENE0416",0.2412,4.8291,0.5537,0.5939,0.9745
"GENE0417",0.7748,8.1743,2.3166,0.04313,0.3868
"GENE0418",0.3724,4.9725,1.6116,0.1391,0.6728
"GENE0419",1.2041,7.4777,1.916,0.08572,0.5374
"GENE0420",0.1481,6.1023,0.4578,0.6569,0.9861
"GENE0421",0.4603,3.6865,1.707,0.1409,0.6728
"GENE0422",0.0021,7.0509,0.0057,0.9956,0.9993
"GENE0423",0.3367,6.0314,0.602,0.5692,0.9689
"GENE0424",1.0798,6.7723,6.0605,0.0002696,0.008988
"GENE0425",0.3343,6.8634,0.6583,0.5252,0.9504
"GENE0426",0.444,6.2257,0.9283,0.3778,0.8942
"GENE0427",-0.2958,9.7015,-0.7809,0.4542,0.9176
"GENE0428",-0.5132,5.9923,-0.955,0.3628,0.8914
"GENE0429",-0.2635,3.5818,-0.6775,0.5189,0.9486
"GENE0430",-0.4438,7.3698,-1.6802,0.1243,0.6295
"GENE0431",0.1116,3.6249,0.2941,0.776,0.9888
"GENE0432",-0.0563,2.1639,-0.1968,0.8498,0.9888
"GENE0433",-0.3161,3.9802,-1.1209,0.2888,0.8648
"GENE0434",0.463,4.1513,1.2708,0.2338,0.808
"GENE0435",0.1774,4.9863,0.714,0.4916,0.9309
"GENE0436",-1.1989,8.9941,-3.4312,0.009481,0.1394
"GENE0437",0.9404,9.3921,2.787,0.02116,0.2474
"GENE0438",0.3526,7.1196,1.206,0.2579,0.8465
"GENE0439",-0.3055,3.356,-0.7145,0.4914,0.9309
"GENE0440",0.2163,5.9318,0.5353,0.6044,0.9745
"GENE0441",0.3232,6.8,1.476,0.1769,0.7355
"GENE0442",0.8285,5.6896,1.9924,0.07432,0.5134
"GENE0443",-0.1132,6.5839,-0.4818,0.6435,0.9793
"GENE0444",-1.8632,3.1276,-7.1154,3.296e-05,0.002126
"GENE0445",-2.9007,1.7215,-8.8426,5.875e-06,0.0007833
"GENE0446",0.1592,9.1626,0.2633,0.7998,0.9888
"GENE0447",-0.301,6.3936,-0.7154,0.4929,0.9309
"GENE0448",0.011,5.5763,0.0199,0.9846,0.9959
"GENE0449",-0.1096,6.1362,-0.4287,0.6804,0.9879
"GENE0450",-0.0263,10.2686,-0.0763,0.9411,0.9908
"GENE0451",-0.4193,6.7833,-0.9807,0.3554,0.8898
"GENE0452",0.0857,9.4149,0.1869,0.856,0.9888
"GENE0453",-0.1766,8.7703,-0.768,0.4602,0.9189
"GENE0454",-0.2617,4.8453,-0.5069,0.6251,0.9745
"GENE0455",0.1092,7.3355,0.3008,0.7698,0.9888
"GENE0456",-0.2476,4.927,-0.4712,0.6527,0.9838
"GENE0457",0.0995,2.7806,0.2549,0.8047,0.9888
"GENE0458",-0.0857,3.5923,-0.1742,0.8656,0.9888
"GENE0459",0.6762,6.2405,1.5414,0.1768,0.7355
"GENE0460",0.095,9.5246,0.5845,0.5751,0.9693
"GENE0461",0.061,6.3033,0.2424,0.8137,0.9888
"GENE0462",-0.3844,4.3258,-1.0921,0.3021,0.8732
"GENE0463",0.1796,6.2812,0.5167,0.6166,0.9745
"GENE0464",0.187,6.538,0.2804,0.787,0.9888
"GENE0465",-0.0271,3.2056,-0.0682,0.947,0.9908
"GENE0466",-0.2709,3.9738,-0.578,0.5821,0.9694
"GENE0467",-0.1277,1.8205,-0.3871,0.7078,0.9879
"GENE0468",0.4175,3.6318,2.4764,0.03283,0.3157
"GENE0469",1.5843,4.9715,3.2469,0.009602,0.1402
"GENE0470",0.3878,5.2449,1.0134,0.336,0.8761
"GENE0471",0.3624,8.5386,0.718,0.49,0.9309
"GENE0472",-0.7892,7.6466,-1.2566,0.245,0.8241
"GENE0473",0.0684,6.2977,0.0989,0.9233,0.9908
"GENE0474",-0.1718,5.087,-0.2431,0.8129,0.9888
"GENE0475",0.3417,6.111,0.8221,0.4317,0.9045
"GENE0476",0.8259,6.9156,1.9628,0.08417,0.531
"GENE0477",0.1058,5.3821,0.1463,0.8869,0.9888
"GENE0478",0.1026,8.2456,0.5864,0.5769,0.9693
"GENE0479",-2.6927,6.8322,-6.0545,0.000131,0.00546
"GENE0480",-0.3384,3.3946,-0.6919,0.5053,0.9416
"GENE0481",-0.108,4.4039,-0.1928,0.8512,0.9888
"GENE0482",0.2572,7.937,0.7434,0.4766,0.9281
"GENE0483",-0.1938,2.3166,-0.2948,0.7745,0.9888
"GENE0484",-0.0808,7.0134,-0.2845,0.7837,0.9888
"GENE0485",0.9742,6.9335,2.9815,0.02081,0.2463
"GENE0486",0.4307,12.2669,1.4172,0.1901,0.7619
"GENE0487",-0.0593,0.2741,-0.3593,0.7272,0.9879
"GENE0488",0.835,4.7037,1.8879,0.08869,0.5496
"GENE0489",0.6837,7.7627,1.2065,0.2574,0.8465
"GENE0490",0.3519,9.4621,0.6255,0.5536,0.9631
"GENE0491",-1.4083,7.1641,-2.1253,0.06027,0.4601
"GENE0492",0.9367,3.2228,2.9903,0.01626,0.2058
"GENE0493",0.1462,10.3487,0.3512,0.7377,0.9888
"GENE0494",0.2973,2.1672,1.1183,0.291,0.8661
"GENE0495",-0.049,3.14,-0.0667,0.9484,0.9908
"GENE0496",-0.304,6.3971,-0.6137,0.5547,0.9631
"GENE0497",0.2367,10.286,0.4848,0.639,0.9778
"GENE0498",1.3147,7.0546,3.7559,0.004562,0.07667
"GENE0499",-0.1483,7.1971,-0.2596,0.8008,0.9888
"GENE0500",0.5671,9.2425,1.9332,0.0823,0.526
"GENE0501",-1.0995,7.4168,-1.5414,0.1561,0.6951
"GENE0502",0.2751,3.6251,0.8516,0.4144,0.9008
"GENE0503",-0.1029,7.3515,-0.2046,0.8431,0.9888
"GENE0504",0.0045,5.8252,0.0073,0.9943,0.9993
"GENE0505",-0.0179,9.5959,-0.0435,0.9664,0.9911
"GENE0506",-0.3106,6.0877,-0.497,0.6299,0.9745
"GENE0507",-0.1512,2.8216,-0.4273,0.6808,0.9879
"GENE0508",-0.0808,7.018,-0.1552,0.8803,0.9888
"GENE0509",0.4313,6.8645,0.8932,0.3932,0.9008
"GENE0510",0.1663,6.1345,0.8226,0.4303,0.904
"GENE0511",0.2434,4.0493,0.958,0.3636,0.8914
"GENE0512",-0.2747,4.864,-0.5887,0.5691,0.9689
"GENE0513",0.572,6.6607,0.7887,0.4561,0.9189
"GENE0514",-0.3926,8.1439,-0.846,0.4178,0.9025
"GENE0515",0.9845,4.715,1.7808,0.106,0.6048
"GENE0516",-0.2274,4.0461,-0.8832,0.3993,0.9008
"GENE0517",0.0423,0.6661,0.1507,0.8835,0.9888
"GENE0518",0.0959,7.0521,0.5057,0.6281,0.9745
"GENE0519",0.7212,6.6292,1.4221,0.1862,0.7586
"GENE0520",0.5722,8.2777,0.9015,0.3901,0.9008
"GENE0521",-0.0751,8.8405,-0.2516,0.8073,0.9888
"GENE0522",-0.3862,5.5836,-1.3367,0.2154,0.7947
"GENE0523",-0.1959,8.663,-0.9171,0.3866,0.8976
"GENE0524",0.0636,5.7821,0.1458,0.8872,0.9888
"GENE0525",0.0459,4.7137,0.3641,0.7291,0.9879
"GENE0526",0.149,4.4891,0.472,0.6485,0.981
"GENE0527",0.0694,5.3689,0.2262,0.8266,0.9888
"GENE0528",0.522,6.4319,1.2714,0.2331,0.808
"GENE0529",0.2605,6.1155,0.7946,0.4458,0.9146
"GENE0530",1.2097,7.0786,2.5734,0.0287,0.2929
"GENE0531",-0.2915,6.4583,-0.6644,0.5226,0.9493
"GENE0532",-0.1039,7.7191,-0.4442,0.6681,0.9861
"GENE0533",0.2635,4.9051,0.718,0.4894,0.9309
"GENE0534",0.2982,9.4964,1.102,0.2963,0.8704
"GENE0535",0.7243,6.8213,1.5757,0.1553,0.6935
"GENE0536",-0.0476,4.1472,-0.1017,0.9215,0.9908
"GENE0537",1.2375,5.8406,4.0481,0.002739,0.05218
"GENE0538",-0.6012,7.1684,-1.846,0.09556,0.5791
"GENE0539",-2.3501,3.5253,-6.4248,0.0002095,0.007619
"GENE0540",-0.1364,7.2255,-0.3219,0.7544,0.9888
"GENE0541",0.2049,6.6234,0.8475,0.4219,0.9033
"GENE0542",-2.1462,7.9815,-5.6712,0.0002893,0.009485
"GENE0543",0.0074,4.8275,0.0209,0.984,0.9959
"GENE0544",-0.6121,6.3484,-1.7258,0.1152,0.6175
"GENE0545",0.1502,5.3687,0.4136,0.6879,0.9879
"GENE0546",0.2591,3.7512,0.6004,0.5673,0.9689
"GENE0547",0.2418,2.2585,1.9646,0.07789,0.5258
"GENE0548",1.0009,6.1105,2.0544,0.0747,0.5134
"GENE0549",-0.0815,7.4545,-0.3838,0.7113,0.9879
"GENE0550",-0.1572,6.9909,-0.2185,0.8317,0.9888
"GENE0551",0.0147,3.2267,0.07,0.9456,0.9908
"GENE0552",1.3041,4.1237,4.3566,0.002274,0.04554
"GENE0553",-0.3148,3.4884,-1.0448,0.33,0.8739
"GENE0554",-0.0657,4.5366,-0.3222,0.7539,0.9888
"GENE0555",-0.3227,6.7366,-0.9321,0.3733,0.894
"GENE0556",0.2485,7.1774,0.8466,0.4172,0.902
"GENE0557",0.2568,4.7666,1.2968,0.2268,0.8033
"GENE0558",-0.2234,0.2748,-1.3881,0.1954,0.7679
"GENE0559",-0.0106,7.728,-0.0226,0.9825,0.9959
"GENE0560",0.4647,7.1227,1.6317,0.1338,0.6592
"GENE0561",0.6294,4.9743,0.9157,0.386,0.8976
"GENE0562",-0.7106,3.8532,-1.5765,0.1546,0.6935
"GENE0563",0.0427,5.4576,0.1008,0.9218,0.9908
"GENE0564",0.0779,6.4438,0.1606,0.8763,0.9888
"GENE0565",0.0601,7.4556,0.1842,0.8575,0.9888
"GENE0566",0.0231,8.5028,0.0774,0.9403,0.9908
"GENE0567",-0.3945,4.4549,-0.7617,0.4678,0.9225
"GENE0568",-0.2558,7.1599,-0.6303,0.5426,0.957
"GENE0569",2.6619,10.2121,18.6121,2.408e-08,1.605e-05
"GENE0570",-0.0154,4.1962,-0.0862,0.9333,0.9908
"GENE0571",-0.0341,5.5522,-0.1178,0.909,0.9908
"GENE0572",0.0248,2.7852,0.0426,0.9669,0.9911
"GENE0573",-0.0016,6.5321,-0.0054,0.9958,0.9993
"GENE0574",0.1316,5.1288,0.3566,0.729,0.9879
"GENE0575",0.5067,4.2563,1.0123,0.3433,0.8845
"GENE0576",-0.2553,4.5541,-0.7542,0.4739,0.9273
"GENE0577",-0.8107,6.8929,-1.368,0.2032,0.7864
"GENE0578",-0.7659,1.5258,-1.7234,0.1172,0.6178
"GENE0579",-0.0615,5.4501,-0.0979,0.924,0.9908
"GENE0580",-0.0888,3.7358,-0.3808,0.7116,0.9879
"GENE0581",0.0112,3.5584,0.025,0.9806,0.9954
"GENE0582",-0.4028,6.9314,-2.5163,0.03067,0.3057
"GENE0583",0.0135,6.4884,0.0579,0.955,0.9908
"GENE0584",0.2739,5.7395,1.0845,0.3068,0.8732
"GENE0585",-0.6095,7.0763,-1.1928,0.2788,0.8605
"GENE0586",-0.0404,5.0177,-0.1299,0.8992,0.9895
"GENE0587",-3.3268,0.181,-9.3967,3.205e-06,0.0006047
"GENE0588",0.6369,8.864,1.72,0.1174,0.6178
"GENE0589",0.1002,5.4686,0.3771,0.7149,0.9879
"GENE0590",0.0106,5.5359,0.0435,0.9662,0.9911
"GENE0591",-0.0529,6.2848,-0.2542,0.8045,0.9888
"GENE0592",-0.4451,7.6305,-0.7592,0.4694,0.9231
"GENE0593",-0.4478,7.1429,-0.8593,0.4112,0.9008
"GENE0594",0.1428,7.5615,0.4968,0.6304,0.9745
"GENE0595",0.4179,6.6106,1.1325,0.286,0.8617
"GENE0596",0.0391,4.6834,0.2687,0.7936,0.9888
"GENE0597",-0.151,5.462,-0.6529,0.5292,0.9504
"GENE0598",-0.1494,7.8396,-0.4156,0.6866,0.9879
"GENE0599",0.4425,4.9317,0.819,0.4319,0.9045
"GENE0600",-0.8561,4.5044,-1.7396,0.1216,0.6261
"GENE0601",-0.5543,7.0593,-1.5506,0.1522,0.6916
"GENE0602",-0.0597,7.444,-0.0937,0.9277,0.9908
"GENE0603",0.6127,2.6716,1.5966,0.1423,0.6728
"GENE0604",-1.0663,7.3251,-1.657,0.1335,0.6592
"GENE0605",0.1294,5.823,0.508,0.623,0.9745
"GENE0606",-0.8014,5.9084,-1.4584,0.1756,0.7346
"GENE0607",-0.3905,8.0806,-0.9013,0.3975,0.9008
"GENE0608",-0.2242,8.6189,-0.8844,0.3985,0.9008
"GENE0609",-1.6595,3.7061,-5.2603,0.0003828,0.01126
"GENE0610",2.5113,8.9143,7.4342,2.628e-05,0.001926
"GENE0611",-1.0865,4.9396,-1.5288,0.1653,0.7142
"GENE0612",2.7645,7.5626,11.2976,9.098e-06,0.0009078
"GENE0613",0.2814,7.3727,1.2831,0.232,0.8055
"GENE0614",-0.2147,6.3797,-0.4121,0.689,0.9879
"GENE0615",1.3354,3.8397,2.6449,0.02455,0.2713
"GENE0616",-0.1152,4.9004,-0.2854,0.7812,0.9888
"GENE0617",0.0486,8.4578,0.1612,0.8754,0.9888
"GENE0618",-0.0317,6.1541,-0.1606,0.876,0.9888
"GENE0619",1.4591,5.0355,2.4927,0.03686,0.343
"GENE0620",0.506,4.6543,3.1548,0.01101,0.1525
"GENE0621",1.1808,8.1901,2.1627,0.0567,0.4448
"GENE0622",0.0866,7.0278,0.1108,0.914,0.9908
"GENE0623",-0.1598,4.6164,-0.3312,0.7479,0.9888
"GENE0624",-0.2304,5.9606,-1.2025,0.2582,0.8465
"GENE0625",-1.2137,6.1664,-2.2446,0.05711,0.4448
"GENE0626",0.8863,9.2323,2.7168,0.02168,0.2506
"GENE0627",-0.167,4.3736,-0.2973,0.7725,0.9888
"GENE0628",0.2051,4.5652,0.6155,0.552,0.9631
"GENE0629",0.0028,8.2808,0.0115,0.9911,0.9987
"GENE0630",0.1611,5.1274,0.4223,0.6822,0.9879
"GENE0631",0.2185,8.7837,0.4061,0.695,0.9879
"GENE0632",-0.3469,8.2885,-1.2724,0.2383,0.8184
"GENE0633",-0.1888,2.503,-0.2319,0.8244,0.9888
"GENE0634",0.1437,6.7427,0.5152,0.6177,0.9745
"GENE0635",0.3101,3.1526,0.8591,0.414,0.9008
"GENE0636",-0.1668,2.812,-0.4917,0.6337,0.9745
"GENE0637",-0.1777,5.7112,-0.3359,0.7439,0.9888
"GENE0638",-0.0577,5.5918,-0.1013,0.9214,0.9908
"GENE0639",0.218,5.9374,0.96,0.3598,0.8914
"GENE0640",-0.1352,8.3063,-0.5013,0.6271,0.9745
"GENE0641",0.0731,6.5359,0.5306,0.6083,0.9745
"GENE0642",-0.127,4.4704,-0.5921,0.5682,0.9689
"GENE0643",-0.386,6.3779,-0.8548,0.4153,0.9008
"GENE0644",0.4014,4.9,0.7486,0.4713,0.9252
"GENE0645",-0.3284,5.9037,-1.19,0.2628,0.8504
"GENE0646",0.0224,3.342,0.0853,0.9339,0.9908
"GENE0647",-1.0428,4.9588,-2.5714,0.02798,0.2886
"GENE0648",0.3149,6.832,0.4669,0.6517,0.983
"GENE0649",-0.0178,4.8183,-0.0357,0.9726,0.9922
"GENE0650",0.0789,6.1424,0.138,0.893,0.9895
"GENE0651",0.0675,4.6047,0.2358,0.8185,0.9888
"GENE0652",-0.0698,4.7608,-0.2392,0.8162,0.9888
"GENE0653",-0.0512,5.3724,-0.2034,0.8429,0.9888
"GENE0654",-0.8128,5.883,-1.3883,0.1953,0.7679
"GENE0655",0.0709,5.2498,0.1383,0.8928,0.9895
"GENE0656",-0.3805,6.4491,-0.8246,0.4351,0.9064
"GENE0657",0.3617,8.1455,1.1035,0.2992,0.8732
"GENE0658",-2.356,4.3205,-5.2125,0.001501,0.03229
"GENE0659",-0.1643,5.8979,-0.3937,0.7023,0.9879
"GENE0660",0.7511,7.3748,1.9318,0.08223,0.526
"GENE0661",-0.3907,3.9243,-0.9235,0.3775,0.8942
"GENE0662",0.055,7.4054,0.1719,0.8671,0.9888
"GENE0663",0.3747,4.8801,1.2244,0.265,0.8504
"GENE0664",1.1429,4.1197,2.0166,0.07145,0.5049
"GENE0665",-0.4212,2.4096,-2.1415,0.063,0.4772
"GENE0666",0.052,4.4808,0.18,0.8617,0.9888
"GENE0667",-0.2337,3.1412,-0.5016,0.6273,0.9745
"GENE0668",0.2882,3.8589,1.3328,0.2122,0.7904
"GENE0669",0.035,8.8748,0.0651,0.9496,0.9908
"GENE0670",-0.7177,3.8803,-1.2272,0.2515,0.8412
"GENE0671",0.0219,8.0984,0.0853,0.9338,0.9908
"GENE0672",0.3155,7.158,0.6297,0.5462,0.9586
"GENE0673",-0.0391,4.6158,-0.1206,0.9069,0.9908
"GENE0674",0.5777,4.8255,2.3398,0.04227,0.3842
"GENE0675",0.0833,5.2549,0.25,0.8089,0.9888
"GENE0676",-0.3354,6.1063,-0.5015,0.6285,0.9745
"GENE0677",0.2212,5.0724,0.3546,0.7327,0.9888
"GENE0678",-0.2418,7.6847,-0.9065,0.386,0.8976
"GENE0679",-0.1471,5.3028,-0.3374,0.7429,0.9888
"GENE0680",-0.0773,1.2632,-0.129,0.9002,0.9895
"GENE0681",0.0462,5.7807,0.2043,0.8431,0.9888
"GENE0682",1.1075,2.6588,2.6942,0.02267,0.2548
"GENE0683",0.2934,8.3693,1.1457,0.2808,0.8617
"GENE0684",0.0155,4.7342,0.0682,0.9471,0.9908
"GENE0685",0.0535,3.603,0.1859,0.8584,0.9888
"GENE0686",-0.3621,4.602,-2.1896,0.05558,0.4414
"GENE0687",-0.6038,7.2103,-1.2408,0.2625,0.8504
"GENE0688",-0.3146,1.918,-1.1069,0.2961,0.8704
"GENE0689",-0.2298,6.6762,-0.4499,0.6624,0.9861
"GENE0690",-0.1819,4.2105,-0.4078,0.6968,0.9879
"GENE0691",-0.171,6.1451,-0.3387,0.7427,0.9888
"GENE0692",0.487,7.6543,0.9633,0.3601,0.8914
"GENE0693",-0.303,7.1665,-1.0535,0.3223,0.8739
"GENE0694",0.3352,8.6307,1.254,0.24,0.8206
"GENE0695",-0.7759,5.8419,-1.1911,0.2612,0.8504
"GENE0696",0.0806,4.6841,0.2934,0.7763,0.9888
"GENE0697",0.7486,10.5413,1.8311,0.1145,0.617
"GENE0698",-0.5058,6.038,-0.7495,0.4717,0.9252
"GENE0699",-0.276,7.6311,-0.6884,0.5075,0.9416
"GENE0700",0.9962,7.921,2.1059,0.0652,0.483
"GENE0701",1.4431,7.5639,2.8018,0.0262,0.2817
"GENE0702",-2.8628,7.4487,-6.28,9.185e-05,0.004272
"GENE0703",0.8296,5.9816,2.7303,0.0336,0.3216
"GENE0704",-0.307,3.3097,-0.5469,0.5995,0.9745
"GENE0705",-0.0294,5.4754,-0.1229,0.9047,0.9908
"GENE0706",-0.4117,5.176,-0.7675,0.4607,0.9189
"GENE0707",-0.3782,6.8825,-0.9529,0.3645,0.8914
"GENE0708",0.0694,3.5636,0.1682,0.8698,0.9888
"GENE0709",0.1399,6.8667,0.4664,0.6512,0.9829
"GENE0710",0.4157,4.0255,1.3568,0.21,0.7895
"GENE0711",0.2528,9.4949,0.5231,0.6124,0.9745
"GENE0712",0.2423,8.8177,0.8838,0.3976,0.9008
"GENE0713",0.2732,5.0414,0.8818,0.4008,0.9008
"GENE0714",-0.3825,6.0612,-1.0832,0.3048,0.8732
"GENE0715",0.4076,5.1163,0.9432,0.3689,0.894
"GENE0716",0.3046,3.2207,0.8475,0.4199,0.903
"GENE0717",-0.2834,0.272,-0.7447,0.4745,0.9277
"GENE0718",0.4869,6.2922,1.1195,0.294,0.8699
"GENE0719",-0.2768,6.1339,-0.7543,0.4764,0.9281
"GENE0720",-1.0268,8.7453,-6.4542,0.0001221,0.005307
"GENE0721",0.4646,2.0715,1.0411,0.3332,0.8739
"GENE0722",0.0146,4.604,0.0996,0.9228,0.9908
"GENE0723",-0.2394,7.6999,-0.6389,0.5424,0.957
"GENE0724",0.9234,7.037,2.0911,0.06399,0.483
"GENE0725",0.0958,5.962,0.2381,0.8175,0.9888
"GENE0726",0.3386,5.4343,0.6734,0.5163,0.9471
"GENE0727",0.1168,6.2738,0.4468,0.6652,0.9861
"GENE0728",-0.2356,5.4942,-0.7092,0.5018,0.9407
"GENE0729",0.1055,6.2465,0.5113,0.6263,0.9745
"GENE0730",0.3493,4.7439,0.9293,0.3752,0.894
"GENE0731",2.1968,9.8059,4.7013,0.001354,0.03043
"GENE0732",-0.4148,7.7085,-0.8047,0.4398,0.9105
"GENE0733",0.6803,8.0621,1.5083,0.1628,0.7078
"GENE0734",0.4926,5.5095,1.6455,0.1439,0.675
"GENE0735",-0.0766,5.3441,-0.2165,0.8345,0.9888
"GENE0736",0.3545,5.5285,0.5971,0.5646,0.9689
"GENE0737",-0.0378,8.2951,-0.0672,0.9478,0.9908
"GENE0738",0.4015,4.7898,1.7826,0.1051,0.6048
"GENE0739",-0.1273,6.2377,-0.3012,0.7695,0.9888
"GENE0740",0.1968,6.9718,0.6311,0.5446,0.9586
"GENE0741",1.1031,7.8697,6.0583,0.0005569,0.01466
"GENE0742",0.1492,5.2833,0.7627,0.4686,0.9225
"GENE0743",-0.2106,10.5777,-0.5935,0.5672,0.9689
"GENE0744",-0.9774,3.9963,-1.5724,0.1603,0.7015
"GENE0745",-0.7503,3.3441,-4.532,0.001315,0.02988
"GENE0746",-0.1131,5.9504,-0.2416,0.8166,0.9888
"GENE0747",-0.1488,9.6582,-0.3151,0.7592,0.9888
"GENE0748",0.5019,6.4366,1.3114,0.221,0.8019
"GENE0749",0.193,6.2426,0.2327,0.8223,0.9888
"GENE0750",1.3176,8.3994,5.242,0.0006388,0.01617
"GENE0751",-0.2,5.4307,-1.2453,0.2432,0.8235
"GENE0752",-0.6507,6.113,-1.5746,0.1466,0.68
"GENE0753",-0.5185,8.2375,-1.6173,0.1383,0.6728
"GENE0754",-0.4973,6.3025,-1.2557,0.239,0.8184
"GENE0755",-0.4561,4.806,-1.3371,0.2229,0.8019
"GENE0756",0.0241,6.806,0.0868,0.9326,0.9908
"GENE0757",-0.1661,3.7487,-0.3273,0.7515,0.9888
"GENE0758",-0.4043,3.2594,-2.7044,0.02239,0.2544
"GENE0759",-1.171,5.807,-1.8361,0.09662,0.5813
"GENE0760",-0.7058,3.6804,-1.7031,0.1199,0.6227
"GENE0761",-0.9265,6.7365,-1.7824,0.1089,0.6048
"GENE0762",-0.0945,6.1066,-0.2139,0.8356,0.9888
"GENE0763",-0.4748,4.182,-1.757,0.1129,0.6153
"GENE0764",0.06,9.1871,0.1784,0.862,0.9888
"GENE0765",-0.3874,5.6764,-0.4108,0.6901,0.9879
"GENE0766",0.157,8.6541,0.8168,0.4365,0.9085
"GENE0767",-0.5242,5.6107,-1.5818,0.148,0.6837
"GENE0768",0.5407,5.5754,1.1569,0.2819,0.8617
"GENE0769",-0.4868,6.5083,-2.7723,0.02226,0.2544
"GENE0770",-0.0798,8.0736,-0.355,0.7303,0.9879
"GENE0771",-0.4422,11.7892,-0.7713,0.4587,0.9189
"GENE0772",3.211,5.1283,20.9722,1.38e-09,2.76e-06
"GENE0773",0.3048,5.8025,0.9806,0.3587,0.8911
"GENE0774",-1.2141,8.1964,-2.5779,0.02752,0.2886
"GENE0775",0.0305,6.3149,0.0862,0.9331,0.9908
"GENE0776",-0.0513,5.3033,-0.1402,0.8913,0.9895
"GENE0777",0.546,3.4503,1.2891,0.2267,0.8033
"GENE0778",0.1327,5.5167,0.4144,0.6874,0.9879
"GENE0779",-0.0434,5.3795,-0.133,0.897,0.9895
"GENE0780",0.2754,6.0021,0.7276,0.4864,0.9309
"GENE0781",-0.4589,9.0982,-1.3485,0.2086,0.7895
"GENE0782",-0.4139,4.9831,-2.3173,0.05054,0.416
"GENE0783",-0.1626,3.1,-0.3736,0.7183,0.9879
"GENE0784",-0.0034,6.7537,-0.014,0.9892,0.9979
"GENE0785",1.9904,7.5707,3.4833,0.01049,0.1481
"GENE0786",0.0185,5.5283,0.1114,0.9135,0.9908
"GENE0787",0.2719,7.4478,0.6538,0.5281,0.9504
"GENE0788",0.3332,0.4964,0.8397,0.4235,0.9033
"GENE0789",-0.6816,4.67,-2.4012,0.04962,0.4118
"GENE0790",0.8707,5.5732,1.5006,0.1653,0.7142
"GENE0791",-1.5236,6.5596,-1.9782,0.09146,0.5611
"GENE0792",0.2831,5.7329,0.4425,0.6677,0.9861
"GENE0793",0.5862,4.1368,1.7869,0.109,0.6048
"GENE0794",-0.025,6.7475,-0.0471,0.964,0.9911
"GENE0795",0.2129,6.3944,0.5408,0.602,0.9745
"GENE0796",0.2564,6.0784,0.5377,0.6027,0.9745
"GENE0797",0.6103,8.196,1.9527,0.08884,0.5496
"GENE0798",-1.4435,3.5341,-2.3527,0.04443,0.395
"GENE0799",0.0714,3.1975,0.4987,0.6305,0.9745
"GENE0800",-0.3961,3.4547,-0.4767,0.6455,0.9793
"GENE0801",0.055,3.8823,0.2318,0.8217,0.9888
"GENE0802",0.553,4.0172,1.5552,0.1526,0.6922
"GENE0803",0.056,6.0229,0.196,0.8485,0.9888
"GENE0804",1.8396,11.1431,4.0617,0.006719,0.1067
"GENE0805",-0.0314,5.8093,-0.0572,0.9557,0.9908
"GENE0806",0.6894,8.0655,1.024,0.3301,0.8739
"GENE0807",0.4501,4.593,0.6063,0.5581,0.9649
"GENE0808",-2.878,3.8104,-10.1711,1.507e-06,0.0003768
"GENE0809",1.3459,7.6821,2.6306,0.02523,0.2772
"GENE0810",-0.4581,5.4746,-1.146,0.2887,0.8648
"GENE0811",0.2255,7.0632,0.8678,0.4111,0.9008
"GENE0812",-0.5597,7.6498,-1.9505,0.08006,0.526
"GENE0813",0.4813,4.4295,0.9877,0.3585,0.8911
"GENE0814",0.0539,4.5504,0.2672,0.7948,0.9888
"GENE0815",0.4257,10.7566,2.1288,0.05918,0.4552
"GENE0816",0.1524,5.7267,0.65,0.5326,0.953
"GENE0817",-0.0369,5.9074,-0.107,0.9173,0.9908
"GENE0818",0.3175,6.3459,0.7551,0.4775,0.9287
"GENE0819",-0.2,4.8268,-1.1784,0.2663,0.8505
"GENE0820",0.3408,4.2103,1.2079,0.2602,0.8489
"GENE0821",-0.0168,3.5229,-0.0681,0.9471,0.9908
"GENE0822",-0.1003,7.624,-0.1505,0.8841,0.9888
"GENE0823",0.0801,3.9271,0.2353,0.8205,0.9888
"GENE0824",3.4439,9.0984,14.0366,9.788e-08,3.915e-05
"GENE0825",0.1671,8.9571,0.3455,0.7375,0.9888
"GENE0826",-0.1983,8.3513,-0.5398,0.6036,0.9745
"GENE0827",-0.106,5.7087,-0.3035,0.7682,0.9888
"GENE0828",0.1577,4.6147,0.379,0.7126,0.9879
"GENE0829",0.8171,4.2433,1.5548,0.1532,0.6933
"GENE0830",1.0285,6.6365,3.216,0.009759,0.1414
"GENE0831",-0.4149,5.8135,-0.9255,0.3785,0.8947
"GENE0832",0.0522,6.5117,0.1725,0.8667,0.9888
"GENE0833",-0.3612,4.309,-1.3268,0.2184,0.8015
"GENE0834",-0.7563,6.3775,-1.9319,0.08341,0.5296
"GENE0835",-0.2774,7.6459,-1.3049,0.2299,0.8037
"GENE0836",-0.6554,8.3209,-1.5214,0.1595,0.6994
"GENE0837",0.154,10.4956,0.6724,0.5263,0.9504
"GENE0838",-0.0725,6.2947,-0.2828,0.7831,0.9888
"GENE0839",0.296,4.765,0.8298,0.4262,0.9033
"GENE0840",-0.2759,5.7134,-0.9449,0.3677,0.8935
"GENE0841",0.3731,2.606,1.0211,0.3323,0.8739
"GENE0842",-0.4681,6.4668,-1.2414,0.2494,0.8354
"GENE0843",-0.0736,5.0769,-0.1229,0.9046,0.9908
"GENE0844",0.1454,6.832,0.5558,0.5909,0.9745
"GENE0845",-0.0262,5.5607,-0.0597,0.9538,0.9908
"GENE0846",0.0689,3.2082,0.2055,0.842,0.9888
"GENE0847",-0.0078,6.0034,-0.0245,0.981,0.9954
"GENE0848",-1.4935,2.5431,-6.7468,0.0002372,0.008179
"GENE0849",0.3718,7.5774,1.0077,0.3396,0.8823
"GENE0850",0.5959,1.6631,0.7965,0.4508,0.9154
"GENE0851",0.0015,5.8888,0.0025,0.9981,0.9996
"GENE0852",-0.637,7.0909,-1.0342,0.3257,0.8739
"GENE0853",-1.0313,2.7811,-3.3007,0.01229,0.1683
"GENE0854",0.1151,9.0804,0.18,0.8622,0.9888
"GENE0855",0.264,4.217,0.8712,0.4051,0.9008
"GENE0856",-1.787,4.1324,-6.9287,0.0001965,0.007414
"GENE0857",0.7782,6.3106,1.9017,0.08952,0.5509
"GENE0858",0.7741,5.1994,1.266,0.2523,0.8418
"GENE0859",-0.0398,4.1963,-0.1167,0.9096,0.9908
"GENE0860",0.4434,7.0505,0.9785,0.3537,0.8898
"GENE0861",-1.0495,4.7328,-1.6998,0.1224,0.6261
"GENE0862",0.0229,7.1581,0.093,0.9281,0.9908
"GENE0863",0.0829,4.8795,0.2609,0.7997,0.9888
"GENE0864",0.2902,3.8399,0.857,0.412,0.9008
"GENE0865",-0.3976,6.082,-2.0655,0.07322,0.5102
"GENE0866",0.0707,6.8665,0.1524,0.8821,0.9888
"GENE0867",-0.0229,6.4476,-0.0629,0.9515,0.9908
"GENE0868",-0.1769,5.4929,-0.427,0.6784,0.9879
"GENE0869",-0.0393,1.9871,-0.0969,0.9254,0.9908
"GENE0870",0.4817,8.6865,1.222,0.2526,0.8418
"GENE0871",-0.3407,5.9552,-1.2322,0.2566,0.8465
"GENE0872",0.2851,4.3243,1.5869,0.1453,0.6783
"GENE0873",0.2599,5.5608,1.9005,0.08723,0.5452
"GENE0874",0.1602,6.7974,0.5774,0.5795,0.9693
"GENE0875",-0.0709,3.2376,-0.3636,0.7259,0.9879
"GENE0876",0.283,7.7813,0.6358,0.5399,0.9569
"GENE0877",0.1491,6.7289,0.4289,0.6772,0.9879
"GENE0878",0.3103,8.0647,0.7475,0.4722,0.9252
"GENE0879",0.625,8.3267,1.328,0.2161,0.7947
"GENE0880",-0.0407,4.8747,-0.084,0.9349,0.9908
"GENE0881",-0.2847,5.1954,-1.0405,0.3255,0.8739
"GENE0882",0.143,3.977,0.2867,0.7806,0.9888
"GENE0883",-0.1816,5.1624,-0.5715,0.5811,0.9693
"GENE0884",0.067,8.5268,0.1549,0.8801,0.9888
"GENE0885",-0.8314,9.1232,-2.0502,0.07457,0.5134
"GENE0886",-0.5166,7.6128,-1.6028,0.1405,0.6728
"GENE0887",0.0787,2.0008,0.1358,0.8949,0.9895
"GENE0888",-0.7226,7.2322,-2.1245,0.06777,0.4929
"GENE0889",-0.4177,7.9801,-1.1129,0.3059,0.8732
"GENE0890",0.1311,7.045,0.4971,0.6299,0.9745
"GENE0891",-0.3319,4.2412,-0.7437,0.475,0.9277
"GENE0892",-0.1118,8.1086,-0.5383,0.6029,0.9745
"GENE0893",-1.5182,6.6905,-2.7899,0.01958,0.2359
"GENE0894",0.0871,7.7819,0.2693,0.7953,0.9888
"GENE0895",0.8754,5.8525,2.0818,0.07275,0.5088
"GENE0896",-0.258,7.7527,-0.9518,0.3637,0.8914
"GENE0897",1.1956,7.122,2.9918,0.01424,0.1865
"GENE0898",0.3652,5.1905,0.9164,0.3813,0.8961
"GENE0899",-0.268,9.0853,-0.5134,0.6198,0.9745
"GENE0900",-0.5111,7.6877,-0.9889,0.3511,0.8877
"GENE0901",0.0041,6e-04,0.018,0.986,0.9964
"GENE0902",0.0679,5.2663,0.412,0.69,0.9879
"GENE0903",-0.4879,3.0912,-1.7458,0.1115,0.6111
"GENE0904",0.3361,6.8376,0.5941,0.5753,0.9693
"GENE0905",-0.4299,4.7434,-1.2722,0.2428,0.8235
"GENE0906",0.0723,7.4582,0.1594,0.8779,0.9888
"GENE0907",3.5465,8.8212,17.7906,3.274e-08,1.637e-05
"GENE0908",-0.409,6.2248,-0.8815,0.3988,0.9008
"GENE0909",-0.4746,6.5919,-1.5644,0.15,0.6852
"GENE0910",-0.19,4.8452,-0.3933,0.7028,0.9879
"GENE0911",-1.1942,6.1951,-1.6162,0.1441,0.675
"GENE0912",-1e-04,3.7768,-5e-04,0.9996,0.9999
"GENE0913",-0.2908,7.1111,-0.5706,0.5861,0.9718
"GENE0914",0.0773,5.4117,0.2911,0.7793,0.9888
"GENE0915",-2.4815,3.5445,-5.0621,0.0006198,0.01589
"GENE0916",0.6709,5.7089,1.1604,0.277,0.8605
"GENE0917",-0.5816,9.875,-2.4451,0.03539,0.3338
"GENE0918",-0.016,2.5627,-0.0678,0.9473,0.9908
"GENE0919",-0.121,5.3422,-0.7056,0.4979,0.9379
"GENE0920",0.1274,6.0373,0.5427,0.6048,0.9745
"GENE0921",-1.1736,4.9046,-2.7508,0.02267,0.2548
"GENE0922",-0.47,4.785,-1.3969,0.1927,0.7661
"GENE0923",0.4851,6.7364,2.4676,0.03687,0.343
"GENE0924",0.0564,6.2267,0.0723,0.9444,0.9908
"GENE0925",0.3555,4.7082,1.0213,0.3447,0.8845
"GENE0926",0.0326,7.1599,0.1067,0.9177,0.9908
"GENE0927",-0.0362,6.2517,-0.0926,0.9285,0.9908
"GENE0928",0.3159,6.8597,0.4817,0.6416,0.9783
"GENE0929",0.2365,3.3925,1.066,0.3128,0.8739
"GENE0930",0.9326,4.4043,3.5672,0.005756,0.09437
"GENE0931",-0.5708,5.4386,-1.0627,0.3129,0.8739
"GENE0932",-0.6668,7.8567,-1.3184,0.2206,0.8019
"GENE0933",-1.3387,4.2285,-2.5066,0.04584,0.3993
"GENE0934",0.9091,4.041,2.9629,0.01435,0.1865
"GENE0935",-0.1855,7.576,-0.3554,0.731,0.9879
"GENE0936",0.3456,6.3869,0.7385,0.4783,0.9287
"GENE0937",-0.171,3.5439,-1.0475,0.3203,0.8739
"GENE0938",-0.0539,9.8928,-0.1172,0.909,0.9908
"GENE0939",-0.1609,9.0099,-0.4443,0.6665,0.9861
"GENE0940",0.0079,3.2083,0.0303,0.9767,0.9935
"GENE0941",-0.52,10.0237,-0.8607,0.4096,0.9008
"GENE0942",0.1556,2.7525,1.0425,0.3222,0.8739
"GENE0943",1.2616,5.8869,2.499,0.04863,0.4093
"GENE0944",1.9828,4.7875,4.3179,0.003757,0.06599
"GENE0945",0.1519,5.2243,0.3029,0.7682,0.9888
"GENE0946",1.249,6.2463,2.811,0.01852,0.2286
"GENE0947",-0.307,7.0358,-0.6942,0.5087,0.9416
"GENE0948",3.8423,5.3081,9.1326,3.628e-06,0.0006047
"GENE0949",-0.1992,1.0811,-0.3834,0.7144,0.9879
"GENE0950",0.1285,5.4073,0.351,0.733,0.9888
"GENE0951",0.4709,4.2664,1.4266,0.1936,0.7679
"GENE0952",0.8163,6.3016,1.8073,0.1074,0.6048
"GENE0953",-1.0028,4.4637,-2.3433,0.04146,0.3804
"GENE0954",0.1033,7.4821,0.2649,0.7971,0.9888
"GENE0955",-0.1633,5.728,-0.5889,0.569,0.9689
"GENE0956",-0.005,7.1049,-0.0195,0.9849,0.9959
"GENE0957",0.0697,4.236,0.2117,0.8382,0.9888
"GENE0958",0.0736,5.8703,0.215,0.8346,0.9888
"GENE0959",-0.2703,6.586,-1.113,0.2918,0.8661
"GENE0960",0.2615,6.0095,0.9857,0.3534,0.8898
"GENE0961",-0.4728,8.7753,-0.9445,0.3694,0.894
"GENE0962",-0.3912,2.0093,-2.0671,0.06722,0.4906
"GENE0963",0.2534,7.5161,0.7207,0.4878,0.9309
"GENE0964",0.0543,5.8842,0.3726,0.7173,0.9879
"GENE0965",-0.6905,7.7896,-1.3055,0.2289,0.8037
"GENE0966",0.0765,5.6774,0.1924,0.8513,0.9888
"GENE0967",-0.1854,0.5702,-0.3495,0.7341,0.9888
"GENE0968",-0.306,6.6812,-1.0809,0.3053,0.8732
"GENE0969",0.1088,5.5406,0.2098,0.8382,0.9888
"GENE0970",-0.17,4.0828,-0.5682,0.5853,0.9714
"GENE0971",0.2285,4.5154,0.5697,0.5843,0.9711
"GENE0972",-0.6907,5.4525,-1.6931,0.1227,0.6261
"GENE0973",-0.565,11.1496,-1.0777,0.3065,0.8732
"GENE0974",-0.0181,6.6538,-0.1291,0.8999,0.9895
"GENE0975",-0.2708,3.9269,-0.6728,0.5166,0.9471
"GENE0976",-0.3546,10.3352,-0.6878,0.5094,0.9416
"GENE0977",0.5089,4.6115,1.4234,0.1881,0.7602
"GENE0978",-0.0426,4.5066,-0.1999,0.848,0.9888
"GENE0979",0.3535,3.3949,1.3952,0.2061,0.7867
"GENE0980",0.248,5.2067,0.4115,0.6926,0.9879
"GENE0981",-0.0817,9.7423,-0.2285,0.8246,0.9888
"GENE0982",-0.2272,8.0592,-1.1305,0.2847,0.8617
"GENE0983",-0.4343,7.8577,-0.5395,0.6018,0.9745
"GENE0984",-1.4736,5.9479,-4.1016,0.003012,0.05579
"GENE0985",0.322,6.8517,0.6672,0.5198,0.9486
"GENE0986",-0.4313,7.408,-2.2047,0.05403,0.4357
"GENE0987",0.0637,6.7179,0.2383,0.8168,0.9888
"GENE0988",-0.3193,6.4996,-0.4575,0.659,0.9861
"GENE0989",0.1379,8.3022,0.3706,0.7215,0.9879
"GENE0990",-0.1092,6.0058,-0.4522,0.6677,0.9861
"GENE0991",1.9383,7.8556,6.0247,0.0001288,0.00546
"GENE0992",0.2243,4.1291,0.56,0.596,0.9745
"GENE0993",0.2765,8.8523,0.5699,0.5815,0.9693
"GENE0994",0.3627,9.26,0.8332,0.4268,0.9033
"GENE0995",0.2563,2.5158,0.8588,0.4143,0.9008
"GENE0996",-0.4248,5.9136,-0.7626,0.4634,0.9203
"GENE0997",-0.0946,7.062,-0.2423,0.8145,0.9888
"GENE0998",0.2843,7.2595,0.7822,0.4576,0.9189
"GENE0999",0.7084,7.2343,1.1052,0.2995,0.8732
"GENE1000",0.437,4.9911,1.5129,0.162,0.7058
"GENE1001",0.7341,3.4967,1.9191,0.08472,0.5328
"GENE1002",0.0477,6.7305,0.1319,0.8977,0.9895
"GENE1003",-0.071,2.8113,-0.195,0.8493,0.9888
"GENE1004",-0.0363,6.6303,-0.0799,0.9379,0.9908
"GENE1005",-2.1967,6.581,-10.8787,3.055e-05,0.002036
"GENE1006",-0.5089,2.3079,-0.993,0.3463,0.8845
"GENE1007",0.0738,7.7431,0.1505,0.8836,0.9888
"GENE1008",-0.0367,5.745,-0.1922,0.8514,0.9888
"GENE1009",-2.1012,3.7254,-3.1718,0.01518,0.1959
"GENE1010",-0.2632,6.2889,-0.5339,0.615,0.9745
"GENE1011",-2.4378,6.9721,-5.027,0.0006068,0.01576
"GENE1012",0.3924,9.1391,0.9143,0.3937,0.9008
"GENE1013",0.1739,3.0014,0.3213,0.7546,0.9888
"GENE1014",-0.1005,5.1519,-0.1956,0.8512,0.9888
"GENE1015",-0.1366,6.2306,-0.381,0.7119,0.9879
"GENE1016",0.0956,6.4506,0.3333,0.7466,0.9888
"GENE1017",0.5671,4.9438,1.3429,0.21,0.7895
"GENE1018",0.2819,1.9192,0.4999,0.6283,0.9745
"GENE1019",-0.0898,5.7084,-0.2817,0.7839,0.9888
"GENE1020",-0.9739,3.2101,-1.7213,0.129,0.6446
"GENE1021",-0.1437,6.0694,-0.2933,0.7754,0.9888
"GENE1022",0.7881,4.5238,2.3047,0.04592,0.3993
"GENE1023",0.8068,5.9863,1.3544,0.2056,0.7864
"GENE1024",0.6623,4.5871,1.3651,0.2226,0.8019
"GENE1025",-0.7896,5.328,-2.1614,0.0667,0.4904
"GENE1026",1.5939,6.2039,8.0912,2.696e-05,0.001926
"GENE1027",-2.2042,7.5396,-8.4744,8.056e-06,0.0009078
"GENE1028",0.1517,7.3709,0.2662,0.7965,0.9888
"GENE1029",0.1124,5.7707,0.8959,0.3955,0.9008
"GENE1030",1.1871,3.0541,1.7669,0.1089,0.6048
"GENE1031",-1.3756,7.2139,-3.5431,0.007158,0.1127
"GENE1032",0.4334,3.2615,0.6293,0.5476,0.9586
"GENE1033",-0.0885,3.5297,-0.1451,0.8875,0.9888
"GENE1034",-1.2686,3.3782,-2.8617,0.01873,0.2299
"GENE1035",-0.0271,4.1591,-0.0599,0.9534,0.9908
"GENE1036",0.0712,4.2492,0.177,0.8638,0.9888
"GENE1037",-0.0793,8.6538,-0.2255,0.8266,0.9888
"GENE1038",1.846,6.6289,3.9231,0.004119,0.07101
"GENE1039",0.2839,4.6422,0.7229,0.4916,0.9309
"GENE1040",0.5825,7.2929,1.6525,0.1294,0.6446
"GENE1041",2.3834,7.4947,8.5218,1.146e-05,0.0009969
"GENE1042",0.1842,3.4693,0.7708,0.4608,0.9189
"GENE1043",0.1534,5.5874,0.3207,0.7551,0.9888
"GENE1044",0.3241,7.3421,0.9642,0.3583,0.8911
"GENE1045",-0.2448,10.1764,-0.6411,0.5373,0.9552
"GENE1046",-1.1431,8.5873,-5.0598,0.0006943,0.01714
"GENE1047",-0.0301,7.9876,-0.0604,0.9536,0.9908
"GENE1048",-0.2364,6.0618,-0.7318,0.4824,0.9294
"GENE1049",-0.3136,2.7708,-1.0538,0.3262,0.8739
"GENE1050",0.1419,4.0596,0.1878,0.855,0.9888
"GENE1051",0.2784,5.6353,0.9713,0.3544,0.8898
"GENE1052",0.0224,7.1187,0.1121,0.9131,0.9908
"GENE1053",-1.2437,6.1948,-3.1846,0.0101,0.1453
"GENE1054",-0.3864,6.2246,-1.4941,0.1733,0.7301
"GENE1055",-0.202,9.599,-0.4603,0.6608,0.9861
"GENE1056",-0.2348,7.1055,-0.9386,0.3768,0.894
"GENE1057",-0.7403,6.3589,-1.2905,0.234,0.808
"GENE1058",-0.103,5.4458,-0.5105,0.6214,0.9745
"GENE1059",0.9386,6.7555,2.263,0.06515,0.483
"GENE1060",-0.3324,4.5976,-1.239,0.2488,0.8347
"GENE1061",-0.8539,9.105,-1.9583,0.08283,0.5276
"GENE1062",0.6526,5.3886,1.6731,0.1296,0.6446
"GENE1063",0.6045,5.0353,1.1382,0.2837,0.8617
"GENE1064",-0.6348,3.7183,-1.7792,0.1087,0.6048
"GENE1065",0.1866,7.7286,0.5227,0.6216,0.9745
"GENE1066",-0.5889,3.2697,-1.4668,0.1734,0.7301
"GENE1067",0.5401,5.3852,0.7993,0.444,0.9135
"GENE1068",-0.0254,6.4494,-0.1802,0.8617,0.9888
"GENE1069",-0.309,6.236,-0.6694,0.5208,0.9487
"GENE1070",0.1557,6.4043,0.2839,0.7826,0.9888
"GENE1071",0.7356,3.2349,1.7717,0.1091,0.6048
"GENE1072",-0.1049,5.3259,-0.4964,0.6305,0.9745
"GENE1073",-0.134,2.5872,-0.682,0.5109,0.9426
"GENE1074",0.1167,4.334,0.3863,0.7092,0.9879
"GENE1075",-0.6724,8.8558,-0.9722,0.3564,0.8898
"GENE1076",0.9361,6.2603,2.077,0.06456,0.483
"GENE1077",-0.7289,6.2066,-1.7504,0.1204,0.6236
"GENE1078",-0.0163,3.7751,-0.0522,0.9594,0.9911
"GENE1079",0.5478,5.2774,1.0583,0.3157,0.8739
"GENE1080",-0.7202,3.9909,-2.0215,0.07115,0.5049
"GENE1081",-0.2656,5.6648,-0.534,0.6075,0.9745
"GENE1082",-0.5028,7.9977,-1.2972,0.2287,0.8037
"GENE1083",-0.0738,6.9036,-0.2582,0.8015,0.9888
"GENE1084",0.2331,4.673,0.5209,0.616,0.9745
"GENE1085",0.1014,6.5095,0.2415,0.8141,0.9888
"GENE1086",0.0096,6.7543,0.0283,0.9781,0.9938
"GENE1087",0.6923,7.3922,1.7329,0.1254,0.6317
"GENE1088",0.132,5.3399,0.189,0.8556,0.9888
"GENE1089",-0.1382,3.6055,-0.717,0.4925,0.9309
"GENE1090",0.3089,5.5625,0.579,0.577,0.9693
"GENE1091",-0.5365,6.543,-1.0682,0.3195,0.8739
"GENE1092",-1.1392,9.3483,-2.5242,0.03073,0.3057
"GENE1093",0.41,6.0878,1.4741,0.1739,0.7307
"GENE1094",0.1201,7.0561,0.3449,0.738,0.9888
"GENE1095",0.296,5.9378,0.5746,0.5796,0.9693
"GENE1096",0.1658,10.4498,0.9199,0.3847,0.8976
"GENE1097",-1.8521,8.0934,-5.922,0.0001531,0.006123
"GENE1098",-0.0782,5.6118,-0.3858,0.7078,0.9879
"GENE1099",-0.7294,5.3726,-2.1601,0.05737,0.4448
"GENE1100",0.0841,6.1571,0.1039,0.9197,0.9908
"GENE1101",0.0442,6.2112,0.2224,0.8291,0.9888
"GENE1102",0.118,4.6333,0.2738,0.7899,0.9888
"GENE1103",-1.0482,5.9574,-2.0417,0.06856,0.4968
"GENE1104",-0.1661,4.8176,-0.4109,0.6898,0.9879
"GENE1105",-0.297,3.6635,-0.7668,0.4631,0.9203
"GENE1106",0.0479,7.802,0.1754,0.8657,0.9888
"GENE1107",-0.1734,7.39,-1.0361,0.3328,0.8739
"GENE1108",0.1291,4.6717,0.3929,0.7028,0.9879
"GENE1109",-0.7204,8.7275,-2.2201,0.05103,0.4182
"GENE1110",0.1389,5.8624,0.2984,0.7751,0.9888
"GENE1111",-0.6709,5.6669,-1.4414,0.1875,0.759
"GENE1112",0.158,4.4611,1.1528,0.2762,0.8605
"GENE1113",-0.8702,5.7189,-1.5787,0.165,0.7142
"GENE1114",0.2756,5.2932,0.5209,0.6158,0.9745
"GENE1115",1.5663,6.8449,6.6931,0.0001081,0.004806
"GENE1116",0.3033,6.6887,0.6288,0.5437,0.9581
"GENE1117",-0.3753,7.9616,-0.7138,0.4917,0.9309
"GENE1118",-0.0412,6.328,-0.0759,0.9412,0.9908
"GENE1119",0.5319,7.692,1.4625,0.1866,0.7586
"GENE1120",-0.4545,8.2504,-0.7744,0.4568,0.9189
"GENE1121",-0.6267,0.4802,-1.5719,0.1579,0.6989
"GENE1122",0.0033,5.0004,0.0164,0.9872,0.9972
"GENE1123",0.2147,7.6468,0.4042,0.6955,0.9879
"GENE1124",0.1493,3.6403,0.5314,0.6079,0.9745
"GENE1125",0.0223,4.0195,0.1666,0.8715,0.9888
"GENE1126",-2.1936,5.3805,-6.8226,0.0002202,0.007866
"GENE1127",0.0433,5.5276,0.0621,0.9519,0.9908
"GENE1128",-0.6128,2.4157,-1.5547,0.1552,0.6935
"GENE1129",-0.1518,7.8763,-0.4924,0.6367,0.9758
"GENE1130",0.5546,4.7857,1.0488,0.3205,0.8739
"GENE1131",0.4324,6.6676,0.7702,0.4609,0.9189
"GENE1132",0.3409,6.9691,1.6075,0.14,0.6728
"GENE1133",0.2458,8.6892,0.5791,0.581,0.9693
"GENE1134",0.403,6.2512,1.1877,0.2638,0.8504
"GENE1135",-0.2186,7.3291,-0.5706,0.5832,0.9704
"GENE1136",0.1003,8.366,0.5225,0.6152,0.9745
"GENE1137",-0.9885,5.0458,-4.6801,0.00128,0.02942
"GENE1138",1e-04,2.478,1e-04,0.9999,0.9999
"GENE1139",-0.1491,6.0133,-0.3953,0.7058,0.9879
"GENE1140",-0.1135,8.55,-0.4089,0.6915,0.9879
"GENE1141",0.2133,3.3608,0.554,0.5919,0.9745
"GENE1142",0.4422,8.0749,0.8241,0.4349,0.9064
"GENE1143",0.1992,6.1125,0.4698,0.6489,0.981
"GENE1144",-0.1037,6.0718,-0.4251,0.6799,0.9879
"GENE1145",-0.1642,5.294,-0.3565,0.7304,0.9879
"GENE1146",0.4041,7.5154,0.763,0.4651,0.922
"GENE1147",0.2021,8.4919,0.6496,0.5306,0.9511
"GENE1148",-0.1427,9.0295,-0.3662,0.7234,0.9879
"GENE1149",0.1046,4.3843,0.1736,0.8657,0.9888
"GENE1150",0.3425,8.0886,0.6078,0.5599,0.9649
"GENE1151",0.0866,5.83,0.1151,0.9107,0.9908
"GENE1152",0.3168,3.9944,1.3718,0.2031,0.7864
"GENE1153",0.459,7.4108,0.8661,0.4073,0.9008
"GENE1154",0.5051,6.3428,1.0314,0.3281,0.8739
"GENE1155",-0.2961,7.7165,-0.7269,0.4868,0.9309
"GENE1156",-0.0531,9.5949,-0.3846,0.709,0.9879
"GENE1157",0.0924,7.5046,0.1621,0.8758,0.9888
"GENE1158",-0.0142,4.5078,-0.0314,0.9758,0.9932
"GENE1159",0.2603,6.4467,1.436,0.1893,0.7618
"GENE1160",-0.5143,8.9701,-2.5018,0.03167,0.3105
"GENE1161",0.0667,8.2313,0.1864,0.8561,0.9888
"GENE1162",0.3655,3.411,0.8304,0.4262,0.9033
"GENE1163",0.3863,8.1318,1.1417,0.2852,0.8617
"GENE1164",0.3037,5.3553,0.8323,0.4273,0.9033
"GENE1165",-1.5294,4.7251,-2.6207,0.02568,0.2779
"GENE1166",-0.5424,3.6538,-1.9653,0.08855,0.5496
"GENE1167",-0.0705,5.3122,-0.173,0.8666,0.9888
"GENE1168",0.3366,7.6525,2.8117,0.02322,0.2594
"GENE1169",0.4471,8.5534,1.4308,0.1851,0.7586
"GENE1170",0.1234,6.4459,0.2961,0.7732,0.9888
"GENE1171",0.3401,5.515,0.6826,0.5134,0.9438
"GENE1172",0.7986,5.564,3.575,0.01026,0.1465
"GENE1173",0.2328,7.9266,0.4371,0.6745,0.9879
"GENE1174",0.566,3.7719,1.4459,0.1988,0.7782
"GENE1175",-0.2522,6.9808,-0.3951,0.7017,0.9879
"GENE1176",0.0203,8.0739,0.0502,0.961,0.9911
"GENE1177",0.2106,8.1385,1.0175,0.3344,0.8739
"GENE1178",-0.6178,6.943,-1.5449,0.1589,0.6994
"GENE1179",-0.3867,3.4576,-1.3113,0.2206,0.8019
"GENE1180",-1.0579,3.6908,-1.6822,0.124,0.6295
"GENE1181",-0.0196,4.4556,-0.0541,0.9579,0.9911
"GENE1182",-0.0921,3.2456,-0.2609,0.8007,0.9888
"GENE1183",0.4884,6.1662,1.3216,0.2158,0.7947
"GENE1184",2.2322,9.6924,8.8449,4.853e-06,0.0006933
"GENE1185",-2.4008,0.0815,-5.9097,0.0001494,0.0061
"GENE1186",0.0967,8.4719,0.1529,0.8838,0.9888
"GENE1187",0.2359,5.4216,0.425,0.681,0.9879
"GENE1188",-0.1117,4.4178,-0.1951,0.8493,0.9888
"GENE1189",1.127,7.6949,3.7558,0.004284,0.0726
"GENE1190",-0.7479,7.3831,-1.6572,0.1429,0.6728
"GENE1191",0.3983,6.2569,1.9882,0.07897,0.526
"GENE1192",0.9423,3.981,1.5121,0.1701,0.7223
"GENE1193",-0.2231,4.8264,-0.4782,0.6441,0.9793
"GENE1194",0.0975,2.8832,0.3541,0.7342,0.9888
"GENE1195",-0.924,8.8967,-3.972,0.002927,0.05522
"GENE1196",0.0187,5.305,0.0361,0.9719,0.9922
"GENE1197",-0.025,4.9601,-0.057,0.9559,0.9908
"GENE1198",0.1975,1.0109,0.7913,0.4473,0.9154
"GENE1199",-0.2612,5.0715,-1.0419,0.333,0.8739
"GENE1200",1.0427,5.6431,2.6192,0.0257,0.2779
"GENE1201",0.1256,3.2398,0.6524,0.5345,0.9543
"GENE1202",3.2549,11.7551,8.244,8.25e-05,0.003929
"GENE1203",-0.2817,8.028,-0.5249,0.6119,0.9745
"GENE1204",2.1482,3.705,7.4508,2.207e-05,0.001839
"GENE1205",0.0201,8.0793,0.0392,0.9695,0.992
"GENE1206",0.1569,8.0317,0.5363,0.6061,0.9745
"GENE1207",0.6667,7.7293,1.5267,0.1689,0.7213
"GENE1208",-0.0721,6.7173,-0.4731,0.6486,0.981
"GENE1209",1.7702,7.5153,3.5119,0.008905,0.1349
"GENE1210",-0.43,7.1842,-2.2489,0.04833,0.4093
"GENE1211",-0.5775,4.4314,-1.3203,0.2235,0.8027
"GENE1212",-0.3738,5.4136,-0.5702,0.5815,0.9693
"GENE1213",-1.9977,3.0026,-3.2844,0.01651,0.2064
"GENE1214",-0.0131,5.6449,-0.034,0.9736,0.9922
"GENE1215",0.2426,6.3493,0.678,0.5175,0.9472
"GENE1216",0.372,7.3875,1.178,0.2777,0.8605
"GENE1217",0.019,7.1988,0.0452,0.965,0.9911
"GENE1218",0.1981,8.7101,0.5066,0.6248,0.9745
"GENE1219",-0.316,7.4487,-0.9837,0.3491,0.8848
"GENE1220",-0.0404,8.3127,-0.1729,0.8662,0.9888
"GENE1221",-0.313,8.1949,-1.1774,0.2663,0.8505
"GENE1222",0.2646,5.0415,1.3319,0.2137,0.792
"GENE1223",0.2025,7.2082,0.9923,0.3465,0.8845
"GENE1224",0.2493,7.1407,1.1744,0.269,0.8516
"GENE1225",0.0864,6.0366,0.1891,0.8545,0.9888
"GENE1226",-0.1801,3.8139,-0.3242,0.7536,0.9888
"GENE1227",-0.6051,6.7434,-2.5081,0.03192,0.3114
"GENE1228",-0.1351,5.9275,-1.9501,0.09528,0.5791
"GENE1229",-0.3594,5.5163,-0.8083,0.438,0.9086
"GENE1230",0.0507,7.455,0.1734,0.8661,0.9888
"GENE1231",0.3976,7.9623,2.2071,0.05275,0.4307
"GENE1232",-0.1591,7.7166,-0.2117,0.8378,0.9888
"GENE1233",0.029,0.7301,0.0832,0.9353,0.9908
"GENE1234",0.4177,4.163,1.095,0.3169,0.8739
"GENE1235",0.1384,8.3871,0.2344,0.8197,0.9888
"GENE1236",-0.0668,3.9709,-0.1465,0.8866,0.9888
"GENE1237",0.1321,6.6376,0.3422,0.7398,0.9888
"GENE1238",-0.3607,6.2977,-2.0979,0.07274,0.5088
"GENE1239",-0.3643,8.1224,-0.8859,0.4013,0.9008
"GENE1240",0.3074,4.391,0.7423,0.4794,0.9288
"GENE1241",-0.377,5.9987,-0.9327,0.3735,0.894
"GENE1242",-2.6323,5.4293,-11.7172,1.07e-05,0.0009728
"GENE1243",0.3445,8.5798,0.9803,0.3643,0.8914
"GENE1244",-0.3203,5.4727,-1.1669,0.2715,0.8527
"GENE1245",-0.4105,6.7922,-1.7839,0.1164,0.6178
"GENE1246",-0.1382,3.2828,-0.844,0.4205,0.9033
"GENE1247",0.1134,6.6346,0.2506,0.8078,0.9888
"GENE1248",0.1854,6.0305,0.3851,0.7101,0.9879
"GENE1249",-0.1862,7.3933,-0.9273,0.3757,0.894
"GENE1250",0.2587,5.1768,0.4924,0.6339,0.9745
"GENE1251",-0.5432,9.555,-0.8083,0.4463,0.9146
"GENE1252",-0.2419,5.3087,-0.8418,0.4252,0.9033
"GENE1253",-0.419,5.9572,-0.7156,0.4993,0.9379
"GENE1254",1.2825,6.3023,1.7774,0.108,0.6048
"GENE1255",-0.1594,7.6537,-0.4152,0.6876,0.9879
"GENE1256",-0.2407,4.6126,-0.7222,0.4879,0.9309
"GENE1257",-2.498,5.1888,-4.7534,0.0008573,0.02066
"GENE1258",-2.7351,5.9527,-16.0096,1.883e-08,1.605e-05
"GENE1259",0.2273,4.1207,0.5198,0.6146,0.9745
"GENE1260",-0.2173,6.4189,-0.4317,0.6756,0.9879
"GENE1261",0.1543,5.0085,0.7635,0.4629,0.9203
"GENE1262",-0.6924,9.085,-1.0722,0.3112,0.8739
"GENE1263",-0.3879,7.3657,-0.7791,0.4668,0.9225
"GENE1264",0.4158,2.5409,0.6667,0.5223,0.9493
"GENE1265",-0.179,7.6495,-0.4629,0.6555,0.9857
"GENE1266",-0.2288,6.1406,-0.934,0.3768,0.894
"GENE1267",0.2743,4.7018,0.9372,0.3732,0.894
"GENE1268",-0.107,5.1773,-0.1842,0.8577,0.9888
"GENE1269",-0.4906,3.8066,-0.9183,0.3801,0.8958
"GENE1270",-0.0075,6.4741,-0.0392,0.9696,0.992
"GENE1271",-0.1158,2.6201,-0.2901,0.7777,0.9888
"GENE1272",-0.1315,5.5101,-1.8646,0.1139,0.617
"GENE1273",0.5174,7.1037,1.2804,0.2294,0.8037
"GENE1274",0.5006,5.7451,1.6709,0.1364,0.6688
"GENE1275",-0.299,7.7033,-1.1269,0.2906,0.8661
"GENE1276",-0.3061,5.3936,-1.3333,0.2122,0.7904
"GENE1277",0.0858,10.7843,0.2777,0.7874,0.9888
"GENE1278",0.2302,4.0739,0.6707,0.5177,0.9472
"GENE1279",0.4766,9.4541,1.2379,0.2444,0.8241
"GENE1280",-0.4034,2.3684,-0.6013,0.5658,0.9689
"GENE1281",0.2511,4.0439,0.7002,0.5002,0.9386
"GENE1282",-1.8298,2.8922,-8.4992,8.879e-06,0.0009078
"GENE1283",-0.618,2.5068,-2.4315,0.03537,0.3338
"GENE1284",0.3128,9.0456,1.2482,0.2416,0.8235
"GENE1285",-0.277,8.349,-0.9221,0.3797,0.8958
"GENE1286",-0.2491,8.6217,-0.4463,0.6693,0.9867
"GENE1287",0.0381,4.9087,0.1817,0.8601,0.9888
"GENE1288",0.4682,5.9492,0.7404,0.4782,0.9287
"GENE1289",-0.5149,8.5376,-1.5332,0.1568,0.6952
"GENE1290",-0.1388,8.4001,-0.215,0.8347,0.9888
"GENE1291",0.9697,7.8882,4.8889,0.0006636,0.01659
"GENE1292",-0.1604,6.0131,-0.7162,0.4904,0.9309
"GENE1293",-0.1921,3.6978,-0.574,0.5792,0.9693
"GENE1294",-0.269,5.8706,-0.4427,0.6678,0.9861
"GENE1295",-0.1879,5.8508,-0.7491,0.4723,0.9252
"GENE1296",-0.1185,4.7636,-0.7309,0.4817,0.9291
"GENE1297",0.0643,9.5333,0.2401,0.8166,0.9888
"GENE1298",-1.599,3.3545,-2.9151,0.01895,0.2311
"GENE1299",-0.0174,6.4115,-0.0355,0.9724,0.9922
"GENE1300",-0.1148,7.0518,-0.4302,0.6762,0.9879
"GENE1301",0.2983,8.0144,1.6978,0.1207,0.6237
"GENE1302",0.093,6.1781,0.2317,0.8226,0.9888
"GENE1303",-0.2896,10.0899,-0.6461,0.5327,0.953
"GENE1304",0.5901,6.7426,1.3677,0.2054,0.7864
"GENE1305",0.1946,4.7668,0.4823,0.6452,0.9793
"GENE1306",0.0791,6.179,0.2508,0.8071,0.9888
"GENE1307",0.3005,6.9602,0.5517,0.5941,0.9745
"GENE1308",-0.1056,1.6757,-0.2553,0.8046,0.9888
"GENE1309",-0.3918,6.2992,-0.6426,0.535,0.9543
"GENE1310",0.0706,6.0901,0.1997,0.8457,0.9888
"GENE1311",-0.273,5.4637,-0.688,0.5122,0.9436
"GENE1312",-0.9956,6.2403,-2.43,0.04047,0.373
"GENE1313",0.2698,1.6292,0.6548,0.5285,0.9504
"GENE1314",-0.1715,6.4379,-0.3051,0.7672,0.9888
"GENE1315",0.1119,6.0838,0.357,0.7288,0.9879
"GENE1316",-0.1423,4.9835,-0.3691,0.7209,0.9879
"GENE1317",-1.9146,-0.5379,-6.5633,6.929e-05,0.003464
"GENE1318",0.5283,5.1904,1.2056,0.2577,0.8465
"GENE1319",-0.1095,6.6518,-0.201,0.846,0.9888
"GENE1320",-0.229,5.7927,-0.8413,0.4293,0.9038
"GENE1321",-0.2046,4.6419,-0.4342,0.6737,0.9879
"GENE1322",-0.1036,6.2093,-0.4585,0.6588,0.9861
"GENE1323",-1.7205,3.0169,-4.1436,0.002001,0.04125
"GENE1324",-0.3172,7.126,-0.733,0.4805,0.9288
"GENE1325",-0.2302,7.2433,-0.6874,0.5076,0.9416
"GENE1326",0.3423,7.7027,1.0742,0.3089,0.8739
"GENE1327",0.32,7.6706,0.8515,0.4145,0.9008
"GENE1328",0.0189,4.5958,0.0346,0.9731,0.9922
"GENE1329",-0.1359,5.7036,-0.3546,0.7303,0.9879
"GENE1330",-0.0208,8.6456,-0.0786,0.9389,0.9908
"GENE1331",-0.0839,7.4573,-0.3163,0.7584,0.9888
"GENE1332",0.2956,6.8456,0.6636,0.5221,0.9493
"GENE1333",0.2719,8.4034,1.0733,0.3111,0.8739
"GENE1334",0.3038,4.3,1.3019,0.2222,0.8019
"GENE1335",-0.0738,5.9596,-0.2133,0.8355,0.9888
"GENE1336",0.1696,8.6986,0.5413,0.6052,0.9745
"GENE1337",-0.1238,5.3691,-0.284,0.7825,0.9888
"GENE1338",0.332,6.1553,0.5507,0.5966,0.9745
"GENE1339",-0.2838,5.5766,-0.8273,0.4328,0.9045
"GENE1340",0.3683,8.0971,0.8603,0.4099,0.9008
"GENE1341",0.1768,6.7083,0.3646,0.7235,0.9879
"GENE1342",-0.3681,6.4208,-0.8102,0.4376,0.9086
"GENE1343",-0.0563,4.6999,-0.1963,0.8487,0.9888
"GENE1344",-0.5732,5.3325,-2.415,0.03736,0.346
"GENE1345",-0.0646,2.9376,-0.261,0.7994,0.9888
"GENE1346",0.3391,7.1872,0.7743,0.4574,0.9189
"GENE1347",-1.4903,7.0474,-8.8817,8.892e-06,0.0009078
"GENE1348",-0.8918,2.8936,-3.7729,0.003761,0.06599
"GENE1349",0.3474,7.0031,0.8982,0.3941,0.9008
"GENE1350",3.1063,7.9647,9.5991,9.532e-06,0.0009078
"GENE1351",0.2812,6.4792,0.6714,0.5198,0.9486
"GENE1352",0.3534,6.0385,1.979,0.07801,0.5258
"GENE1353",-0.2817,9.125,-0.9678,0.3564,0.8898
"GENE1354",-0.0277,6.7958,-0.0862,0.933,0.9908
"GENE1355",0.202,8.7684,0.8699,0.4068,0.9008
"GENE1356",0.0337,6.883,0.099,0.9232,0.9908
"GENE1357",0.5544,6.869,1.1882,0.2647,0.8504
"GENE1358",0.3187,4.9766,1.1758,0.27,0.852
"GENE1359",0.3393,11.4692,1.0853,0.3033,0.8732
"GENE1360",0.1413,6.1557,0.2055,0.8417,0.9888
"GENE1361",0.3578,5.1681,1.0872,0.3028,0.8732
"GENE1362",-0.012,7.133,-0.0448,0.9654,0.9911
"GENE1363",-0.2268,7.178,-0.5316,0.6066,0.9745
"GENE1364",-0.0533,7.3316,-0.1674,0.8707,0.9888
"GENE1365",-0.2471,3.8117,-0.5865,0.5745,0.9693
"GENE1366",0.2826,6.0701,0.8444,0.4246,0.9033
"GENE1367",0.963,9.2884,2.254,0.04871,0.4093
"GENE1368",0.2157,4.9899,0.8736,0.4039,0.9008
"GENE1369",0.8606,5.6518,4.9324,0.002277,0.04554
"GENE1370",-0.0737,7.1405,-0.152,0.8832,0.9888
"GENE1371",0.0442,4.8231,0.1607,0.8763,0.9888
"GENE1372",0.0455,8.5002,0.149,0.8845,0.9888
"GENE1373",0.7388,6.5751,2.1691,0.06461,0.483
"GENE1374",-0.1187,5.9257,-0.2618,0.8,0.9888
"GENE1375",-0.1287,2.6324,-0.4606,0.6576,0.9861
"GENE1376",0.313,5.1719,1.1774,0.2705,0.852
"GENE1377",-0.4261,10.334,-1.0579,0.3157,0.8739
"GENE1378",0.262,5.566,0.6341,0.5404,0.9569
"GENE1379",-0.0741,7.0744,-0.2373,0.8174,0.9888
"GENE1380",0.2031,3.9797,0.5724,0.5797,0.9693
"GENE1381",-0.1184,2.2739,-0.2672,0.7958,0.9888
"GENE1382",0.0743,6.9803,0.2587,0.8012,0.9888
"GENE1383",0.2527,8.6218,1.134,0.2878,0.8648
"GENE1384",-0.4353,2.9323,-1.255,0.2551,0.8462
"GENE1385",-0.6798,7.7876,-2.1816,0.05518,0.4414
"GENE1386",-0.1627,6.6432,-0.6126,0.5575,0.9649
"GENE1387",0.0933,5.1629,0.286,0.7808,0.9888
"GENE1388",0.3017,9.8001,1.0784,0.3139,0.8739
"GENE1389",-0.4653,3.8561,-1.3057,0.2272,0.8033
"GENE1390",-0.0941,5.5342,-0.2166,0.8333,0.9888
"GENE1391",0.1112,7.2238,0.3649,0.7253,0.9879
"GENE1392",-0.9897,4.0857,-1.2946,0.2246,0.8033
"GENE1393",-0.0858,8.093,-0.3375,0.7429,0.9888
"GENE1394",-0.0542,5.4434,-0.1822,0.8599,0.9888
"GENE1395",-1.0101,8.0215,-3.5024,0.008444,0.1289
"GENE1396",-0.3453,5.8182,-1.7836,0.1085,0.6048
"GENE1397",0.396,4.5803,0.8491,0.4158,0.9009
"GENE1398",1.5262,2.8984,4.0786,0.002414,0.04688
"GENE1399",0.6549,3.3117,1.8384,0.112,0.6122
"GENE1400",0.4134,5.5292,1.2668,0.2452,0.8241
"GENE1401",-0.394,2.431,-1.188,0.2653,0.8504
"GENE1402",0.7518,3.3275,1.5432,0.154,0.6935
"GENE1403",0.2423,9.6741,0.7065,0.4985,0.9379
"GENE1404",0.8484,6.3398,2.5752,0.02792,0.2886
"GENE1405",0.5676,9.0172,0.7689,0.4652,0.922
"GENE1406",0.9833,9.5802,1.5727,0.1486,0.6837
"GENE1407",-0.5362,6.0538,-1.6787,0.1424,0.6728
"GENE1408",-0.053,6.0731,-0.2465,0.8104,0.9888
"GENE1409",0.3733,6.7448,1.0335,0.3347,0.8739
"GENE1410",0.3228,7.2157,0.9859,0.3489,0.8848
"GENE1411",-0.2199,8.0316,-0.6472,0.5341,0.9543
"GENE1412",-0.9771,1.5387,-1.5005,0.1764,0.7355
"GENE1413",-0.0634,6.2903,-0.2575,0.8022,0.9888
"GENE1414",-0.0422,6.8861,-0.096,0.9254,0.9908
"GENE1415",0.0343,5.7439,0.1142,0.9115,0.9908
"GENE1416",2.2676,7.6068,7.2386,6.355e-05,0.003322
"GENE1417",-0.0027,7.5568,-0.0083,0.9936,0.9993
"GENE1418",-0.1314,5.6873,-0.4534,0.6624,0.9861
"GENE1419",2.3408,9.9973,4.0914,0.002994,0.05579
"GENE1420",0.0732,6.5015,0.1321,0.8976,0.9895
"GENE1421",0.2645,2.5516,0.5417,0.6035,0.9745
"GENE1422",-0.0783,5.5714,-0.2329,0.8205,0.9888
"GENE1423",0.0229,7.35,0.0633,0.9508,0.9908
"GENE1424",0.1609,5.9975,0.6549,0.5286,0.9504
"GENE1425",0.3944,3.3406,1.1534,0.2787,0.8605
"GENE1426",2.5412,3.4856,9.8208,4.766e-06,0.0006933
"GENE1427",-0.1073,5.5009,-0.3961,0.7006,0.9879
"GENE1428",0.9566,7.0772,1.8624,0.1032,0.6048
"GENE1429",0.0867,4.7172,0.2342,0.8196,0.9888
"GENE1430",-0.2989,6.4563,-1.5972,0.1413,0.6728
"GENE1431",1.2551,7.1743,2.8387,0.0181,0.2249
"GENE1432",-0.0824,7.8093,-0.1931,0.8508,0.9888
"GENE1433",-0.1027,6.962,-0.441,0.6705,0.9867
"GENE1434",0.8354,6.4303,1.9695,0.07744,0.5258
"GENE1435",0.0934,2.804,0.498,0.6301,0.9745
"GENE1436",-0.156,4.7463,-0.3815,0.7109,0.9879
"GENE1437",-0.5277,7.522,-0.9786,0.3518,0.8883
"GENE1438",-0.0071,6.9552,-0.0294,0.9771,0.9935
"GENE1439",0.0473,4.213,0.1633,0.8739,0.9888
"GENE1440",0.4162,6.7976,0.9058,0.3945,0.9008
"GENE1441",-0.1924,5.6721,-0.524,0.6117,0.9745
"GENE1442",-0.5747,8.5803,-4.0687,0.002355,0.04618
"GENE1443",-0.257,5.669,-0.7004,0.5039,0.9416
"GENE1444",0.0346,5.0982,0.0799,0.9388,0.9908
"GENE1445",0.1495,5.3254,0.3172,0.7578,0.9888
"GENE1446",-0.6715,4.0737,-3.8186,0.003417,0.06212
"GENE1447",-1.8539,7.9296,-6.3721,0.0001012,0.004599
"GENE1448",0.2321,6.0469,1.1135,0.3065,0.8732
"GENE1449",0.2116,4.6448,0.4228,0.685,0.9879
"GENE1450",0.4621,7.4708,1.7431,0.1247,0.63
"GENE1451",-1.4927,7.4786,-3.5878,0.005937,0.09625
"GENE1452",0.1659,5.2499,0.5025,0.6273,0.9745
"GENE1453",-0.576,5.8442,-1.9973,0.07393,0.5134
"GENE1454",0.0839,6.4746,0.223,0.8287,0.9888
"GENE1455",-0.3451,1.7428,-1.0794,0.3134,0.8739
"GENE1456",0.4997,6.047,0.7971,0.4444,0.9135
"GENE1457",-0.0113,5.8564,-0.0356,0.9725,0.9922
"GENE1458",0.4773,5.7759,1.3912,0.1943,0.7679
"GENE1459",-1.1239,4.5332,-2.0469,0.07923,0.526
"GENE1460",0.6694,7.885,0.9099,0.3844,0.8976
"GENE1461",-0.0177,5.3067,-0.0813,0.9372,0.9908
"GENE1462",0.1059,5.9191,0.234,0.82,0.9888
"GENE1463",0.2945,10.451,1.2755,0.2319,0.8055
"GENE1464",-0.348,4.5607,-0.8277,0.434,0.906
"GENE1465",0.0439,4.8214,0.1259,0.9036,0.9908
"GENE1466",-0.1288,6.676,-0.5275,0.6115,0.9745
"GENE1467",0.4786,5.0614,1.53,0.1682,0.7213
"GENE1468",-0.5436,4.9229,-2.9625,0.01436,0.1865
"GENE1469",0.5454,6.5987,1.1384,0.2845,0.8617
"GENE1470",-0.0771,6.5542,-0.6245,0.5477,0.9586
"GENE1471",-0.1729,3.7582,-0.4078,0.6927,0.9879
"GENE1472",-0.0773,3.4545,-0.2741,0.7898,0.9888
"GENE1473",-0.2056,7.1263,-0.5572,0.5898,0.9745
"GENE1474",0.0668,4.2643,0.2009,0.8455,0.9888
"GENE1475",-0.2188,4.0031,-1.3796,0.2016,0.7844
"GENE1476",0.2859,8.7633,0.8371,0.4223,0.9033
"GENE1477",0.0234,6.1661,0.1481,0.8853,0.9888
"GENE1478",0.0686,5.2855,0.1521,0.8825,0.9888
"GENE1479",-0.0818,7.4868,-0.1783,0.8644,0.9888
"GENE1480",-0.7939,8.3857,-1.3678,0.2066,0.7869
"GENE1481",0.1893,7.513,0.5192,0.615,0.9745
"GENE1482",-0.2472,3.657,-0.5263,0.6106,0.9745
"GENE1483",-0.1581,4.9545,-0.2917,0.7771,0.9888
"GENE1484",-0.0337,6.7129,-0.1288,0.9007,0.9895
"GENE1485",-0.0564,3.4314,-0.1095,0.9149,0.9908
"GENE1486",-0.4088,5.3017,-0.633,0.5453,0.9586
"GENE1487",-0.1709,6.0958,-0.817,0.4384,0.9086
"GENE1488",-1.2051,4.9962,-2.3586,0.04691,0.4037
"GENE1489",0.1976,6.5603,0.5861,0.5718,0.9693
"GENE1490",-0.4349,6.6551,-1.3434,0.2091,0.7895
"GENE1491",-0.3473,7.882,-0.8284,0.4291,0.9038
"GENE1492",-0.2113,5.9951,-0.8564,0.4138,0.9008
"GENE1493",0.233,4.2738,0.6293,0.5457,0.9586
"GENE1494",-0.2286,5.8417,-1.1331,0.2858,0.8617
"GENE1495",-1.4762,5.0301,-8.7944,5.16e-05,0.002949
"GENE1496",0.6045,5.9708,1.2946,0.2259,0.8033
"GENE1497",0.4427,8.8855,1.4406,0.1809,0.7507
"GENE1498",-0.1805,7.2387,-0.323,0.7534,0.9888
"GENE1499",-1.1197,9.3716,-2.6515,0.02425,0.2694
"GENE1500",-0.06,8.0991,-0.3118,0.7619,0.9888
"GENE1501",-0.28,9.7488,-0.719,0.4887,0.9309
"GENE1502",0.3799,3.1399,0.9266,0.376,0.894
"GENE1503",-1.2116,4.0465,-5.3063,0.0003454,0.01047
"GENE1504",-0.2226,4.585,-0.6172,0.5591,0.9649
"GENE1505",-0.0339,5.1159,-0.1172,0.9092,0.9908
"GENE1506",-0.231,5.2051,-0.9489,0.366,0.8935
"GENE1507",-0.0615,6.9425,-0.3134,0.7604,0.9888
"GENE1508",-0.1137,3.4054,-0.5835,0.5749,0.9693
"GENE1509",-0.3065,5.1134,-0.7757,0.4594,0.9189
"GENE1510",-0.3633,4.6768,-0.7056,0.5028,0.9415
"GENE1511",2.4972,6.3744,15.8731,5.56e-07,0.0001853
"GENE1512",-0.071,4.807,-0.28,0.7858,0.9888
"GENE1513",0.2703,8.7096,0.8476,0.4165,0.9016
"GENE1514",0.2202,8.0233,0.9116,0.384,0.8976
"GENE1515",0.2171,6.1397,0.7182,0.4895,0.9309
"GENE1516",-0.1217,3.4355,-0.4817,0.6414,0.9783
"GENE1517",0.9531,11.2752,1.9875,0.07966,0.526
"GENE1518",-0.026,8.0568,-0.0776,0.9398,0.9908
"GENE1519",-0.3652,8.129,-1.061,0.3137,0.8739
"GENE1520",-0.1011,1.711,-0.3393,0.7415,0.9888
"GENE1521",0.0087,5.3825,0.028,0.9784,0.9938
"GENE1522",0.1625,7.7639,0.4039,0.7003,0.9879
"GENE1523",0.01,6.7962,0.0641,0.9502,0.9908
"GENE1524",0.5082,7.2378,0.9512,0.3669,0.8935
"GENE1525",2.0004,7.4451,4.3545,0.001474,0.03205
"GENE1526",0.1247,4.9189,0.4853,0.6388,0.9778
"GENE1527",-0.314,5.2741,-0.6047,0.5595,0.9649
"GENE1528",0.9594,4.4703,3.3311,0.007893,0.1214
"GENE1529",-0.5634,8.1889,-1.086,0.3043,0.8732
"GENE1530",0.1498,2.2241,0.2223,0.8313,0.9888
"GENE1531",-0.1,5.7613,-0.4003,0.6976,0.9879
"GENE1532",-0.1356,7.8676,-0.6666,0.528,0.9504
"GENE1533",-0.9161,5.2348,-3.957,0.003521,0.06345
"GENE1534",-0.5123,8.8319,-2.336,0.0602,0.4601
"GENE1535",0.0842,7.9526,0.3716,0.7181,0.9879
"GENE1536",0.6075,4.332,1.2189,0.2558,0.8465
"GENE1537",0.5506,5.9793,1.0197,0.334,0.8739
"GENE1538",0.5438,5.8474,1.4909,0.1684,0.7213
"GENE1539",0.025,6.6265,0.0481,0.963,0.9911
"GENE1540",0.1405,5.096,0.28,0.7855,0.9888
"GENE1541",-0.5161,4.6683,-0.8589,0.4112,0.9008
"GENE1542",-0.1252,5.3503,-0.6026,0.5624,0.9679
"GENE1543",1.0452,8.4255,2.8196,0.01913,0.2318
"GENE1544",0.1657,8.4335,0.4477,0.6653,0.9861
"GENE1545",0.0317,4.6489,0.1019,0.9219,0.9908
"GENE1546",0.0436,5.8628,0.2214,0.8308,0.9888
"GENE1547",-0.2811,4.1794,-0.9564,0.3643,0.8914
"GENE1548",0.2114,4.3573,0.311,0.7649,0.9888
"GENE1549",0.6785,4.6579,1.2532,0.2387,0.8184
"GENE1550",-0.072,3.6424,-0.2228,0.8287,0.9888
"GENE1551",-0.2018,1.9947,-1.0357,0.3267,0.8739
"GENE1552",0.3479,7.7176,2.2071,0.05722,0.4448
"GENE1553",-0.4833,7.0178,-1.5785,0.1458,0.6783
"GENE1554",0.0216,4.144,0.0493,0.9618,0.9911
"GENE1555",-0.0026,8.1275,-0.0058,0.9955,0.9993
"GENE1556",-0.2576,9.3931,-0.7349,0.4851,0.9309
"GENE1557",0.7438,0.7199,1.1464,0.2783,0.8605
"GENE1558",0.3,7.8207,0.4887,0.6356,0.9749
"GENE1559",0.4691,9.2985,0.9448,0.3818,0.8962
"GENE1560",0.3071,5.9605,0.6413,0.5362,0.955
"GENE1561",0.0106,4.9214,0.0501,0.961,0.9911
"GENE1562",-0.0781,3.9485,-0.1906,0.8547,0.9888
"GENE1563",0.4574,4.1925,1.2035,0.2597,0.8489
"GENE1564",-0.913,4.7306,-2.3573,0.05561,0.4414
"GENE1565",-0.0263,1.6098,-0.1547,0.8816,0.9888
"GENE1566",0.0111,4.3479,0.0425,0.9673,0.9911
"GENE1567",0.0925,8.361,0.3595,0.7268,0.9879
"GENE1568",-0.1035,4.5763,-0.2134,0.8354,0.9888
"GENE1569",-0.0311,9.3512,-0.1003,0.9223,0.9908
"GENE1570",-0.0147,5.8663,-0.0482,0.9625,0.9911
"GENE1571",-3.8214,4.5866,-7.5715,6.478e-05,0.003322
"GENE1572",0.1314,6.7477,0.4516,0.6622,0.9861
"GENE1573",0.2747,4.3587,0.4089,0.6931,0.9879
"GENE1574",0.1629,4.4708,0.9052,0.3869,0.8976
"GENE1575",0.8279,4.9621,1.6566,0.129,0.6446
"GENE1576",-0.1008,9.1522,-0.386,0.7091,0.9879
"GENE1577",-0.4677,7.3201,-0.6983,0.5099,0.9416
"GENE1578",0.1904,5.5758,0.7653,0.4624,0.9203
"GENE1579",0.6326,4.0967,2.7823,0.02028,0.2429
"GENE1580",0.1618,5.935,0.5998,0.5646,0.9689
"GENE1581",0.3196,6.3207,0.557,0.5937,0.9745
"GENE1582",-0.0859,5.0725,-0.4976,0.6356,0.9749
"GENE1583",0.0289,4.589,0.1137,0.9121,0.9908
"GENE1584",-0.4176,4.1964,-0.8971,0.3964,0.9008
"GENE1585",-0.082,5.3458,-0.3627,0.7276,0.9879
"GENE1586",-0.0311,6.6161,-0.1195,0.9073,0.9908
"GENE1587",0.2184,7.646,0.393,0.7062,0.9879
"GENE1588",0.3869,3.5177,0.7865,0.4579,0.9189
"GENE1589",0.4512,4.4917,2.1079,0.06489,0.483
"GENE1590",0.3731,1.8453,0.9677,0.3568,0.8898
"GENE1591",1.4285,6.7096,3.5038,0.005967,0.09625
"GENE1592",-0.0818,7.4192,-0.3004,0.7704,0.9888
"GENE1593",0.1504,5.9527,0.3678,0.7216,0.9879
"GENE1594",0.9703,9.0942,3.1336,0.01254,0.1707
"GENE1595",0.61,7.4679,1.0451,0.3274,0.8739
"GENE1596",-0.1177,4.7669,-0.3738,0.7184,0.9879
"GENE1597",0.3134,8.8837,1.0252,0.3428,0.8845
"GENE1598",0.734,7.1615,1.9103,0.09678,0.5813
"GENE1599",-0.3042,7.009,-1.2155,0.2534,0.8432
"GENE1600",0.5125,4.1661,1.6468,0.1368,0.669
"GENE1601",-0.2774,5.0152,-0.8484,0.4209,0.9033
"GENE1602",0.3095,3.6696,0.4304,0.676,0.9879
"GENE1603",0.3645,6.9746,0.9977,0.3471,0.8845
"GENE1604",-0.4247,9.118,-0.8259,0.4285,0.9038
"GENE1605",0.4762,4.9443,1.5993,0.1501,0.6852
"GENE1606",-0.3277,5.8765,-0.922,0.3927,0.9008
"GENE1607",0.0612,7.7554,0.2131,0.8358,0.9888
"GENE1608",-0.0239,2.9066,-0.0489,0.9621,0.9911
"GENE1609",0.3292,2.9653,0.8864,0.3965,0.9008
"GENE1610",-0.4757,3.8609,-1.917,0.08903,0.5496
"GENE1611",0.0018,6.3115,0.0032,0.9975,0.9996
"GENE1612",0.1675,6.3196,0.9444,0.3752,0.894
"GENE1613",0.0974,8.344,0.2975,0.7722,0.9888
"GENE1614",-0.5717,3.5668,-1.7775,0.1155,0.6178
"GENE1615",-0.1678,4.8964,-0.8798,0.4088,0.9008
"GENE1616",2.1121,2.9252,5.0471,0.0005351,0.01446
"GENE1617",-0.2675,9.2437,-0.5897,0.5685,0.9689
"GENE1618",-0.6754,7.9398,-1.4265,0.1842,0.7586
"GENE1619",0.1967,4.3591,0.6864,0.5082,0.9416
"GENE1620",-0.1324,5.3371,-0.7822,0.4526,0.916
"GENE1621",0.7633,6.0845,1.2662,0.2343,0.808
"GENE1622",0.3481,9.3429,1.1461,0.2814,0.8617
"GENE1623",0.1528,6.1787,0.3787,0.7163,0.9879
"GENE1624",-2.0056,5.998,-6.9979,5.349e-05,0.002972
"GENE1625",0.2513,7.1356,0.5034,0.6256,0.9745
"GENE1626",1.6234,7.8791,3.6258,0.01052,0.1481
"GENE1627",0.5652,2.7381,2.464,0.04703,0.4037
"GENE1628",0.5604,7.6146,1.0422,0.3277,0.8739
"GENE1629",-0.1446,4.0943,-0.3061,0.7696,0.9888
"GENE1630",0.0855,5.7376,0.1451,0.8884,0.9888
"GENE1631",0.4274,2.8895,1.3227,0.2162,0.7947
"GENE1632",-0.2599,6.4377,-0.6664,0.5245,0.9504
"GENE1633",-0.0741,4.0642,-0.5264,0.6101,0.9745
"GENE1634",0.218,1.3151,0.4947,0.6335,0.9745
"GENE1635",-1.0417,2.9876,-2.5704,0.02794,0.2886
"GENE1636",0.9119,2.7993,1.7261,0.1166,0.6178
"GENE1637",0.4343,7.2567,1.7347,0.1136,0.617
"GENE1638",0.2927,6.7871,0.4046,0.6946,0.9879
"GENE1639",1.1988,8.638,2.0231,0.07096,0.5049
"GENE1640",-0.3041,4.7652,-1.3784,0.1998,0.7805
"GENE1641",0.2959,6.365,1.053,0.3175,0.8739
"GENE1642",-0.321,6.592,-0.5597,0.5922,0.9745
"GENE1643",0.4389,5.6737,0.9529,0.367,0.8935
"GENE1644",-0.3222,4.0444,-0.6287,0.5465,0.9586
"GENE1645",0.5646,8.9861,0.8629,0.4151,0.9008
"GENE1646",-0.5172,9.3336,-0.9465,0.3748,0.894
"GENE1647",-0.111,10.07,-0.3005,0.7731,0.9888
"GENE1648",0.462,8.2229,1.7994,0.1148,0.617
"GENE1649",-0.3183,5.4448,-1.0642,0.3129,0.8739
"GENE1650",-0.6147,5.666,-1.5512,0.155,0.6935
"GENE1651",0.374,6.0678,0.7857,0.4505,0.9154
"GENE1652",0.3325,5.779,0.865,0.4138,0.9008
"GENE1653",-0.4139,5.6535,-1.0765,0.3132,0.8739
"GENE1654",-0.264,1.5091,-0.5901,0.5702,0.9689
"GENE1655",0.1488,5.9144,0.6053,0.5652,0.9689
"GENE1656",0.0865,6.2051,0.3584,0.7279,0.9879
"GENE1657",-0.2524,3.9322,-0.7807,0.4561,0.9189
"GENE1658",0.552,2.2002,0.7318,0.4811,0.9288
"GENE1659",-2.4718,4.3699,-5.9416,0.001241,0.02886
"GENE1660",0.8223,0.3487,3.0187,0.0142,0.1865
"GENE1661",0.4325,9.1895,1.0574,0.3177,0.8739
"GENE1662",0.7278,7.6423,1.634,0.1347,0.6617
"GENE1663",0.4849,4.1189,1.6075,0.1409,0.6728
"GENE1664",0.131,5.7378,0.3249,0.7551,0.9888
"GENE1665",-0.0271,5.5852,-0.0846,0.9342,0.9908
"GENE1666",0.6152,2.7128,1.2741,0.2354,0.8104
"GENE1667",-0.32,3.662,-0.7008,0.5056,0.9416
"GENE1668",-0.1273,7.9698,-0.5636,0.5865,0.9718
"GENE1669",0.3318,3.7512,0.8233,0.4317,0.9045
"GENE1670",-0.4438,4.6404,-2.4083,0.03683,0.343
"GENE1671",-0.6142,4.4584,-2.0441,0.06895,0.4978
"GENE1672",-0.2925,8.3809,-1.1035,0.312,0.8739
"GENE1673",0.0292,5.7246,0.064,0.9506,0.9908
"GENE1674",0.0572,6.786,0.1519,0.8826,0.9888
"GENE1675",-0.7416,6.447,-1.7378,0.1226,0.6261
"GENE1676",0.4245,5.3576,0.9038,0.3875,0.898
"GENE1677",-0.2418,4.4209,-0.4966,0.6337,0.9745
"GENE1678",-0.2009,6.1558,-0.4669,0.6506,0.9828
"GENE1679",-0.628,5.865,-1.3335,0.2139,0.792
"GENE1680",-2.1918,7.4665,-4.4385,0.002472,0.04754
"GENE1681",-0.3148,4.5903,-0.8699,0.4051,0.9008
"GENE1682",0.0987,4.9784,0.1882,0.8552,0.9888
"GENE1683",-0.1675,7.1084,-0.5037,0.6256,0.9745
"GENE1684",0.2026,4.6562,0.6229,0.5563,0.9642
"GENE1685",1.0993,7.0485,1.9531,0.07986,0.526
"GENE1686",2.2082,7.663,6.5832,6.265e-05,0.003322
"GENE1687",-0.3264,5.656,-1.5373,0.159,0.6994
"GENE1688",-0.0107,3.4167,-0.0347,0.9733,0.9922
"GENE1689",1.7961,7.1557,5.258,0.0004086,0.01184
"GENE1690",-0.5776,5.0564,-1.1752,0.2704,0.852
"GENE1691",-0.0869,1.9944,-0.2755,0.7887,0.9888
"GENE1692",0.7878,6.3535,2.1901,0.05348,0.433
"GENE1693",-0.198,6.4183,-0.6516,0.5369,0.9552
"GENE1694",0.0691,2.9773,0.1962,0.8496,0.9888
"GENE1695",-0.1063,4.7429,-0.2169,0.8327,0.9888
"GENE1696",0.0013,5.5009,0.0026,0.998,0.9996
"GENE1697",-0.4772,4.142,-1.7225,0.119,0.622
"GENE1698",-0.21,7.0687,-0.7122,0.4983,0.9379
"GENE1699",-0.2058,2.4399,-0.4508,0.665,0.9861
"GENE1700",-0.714,4.2149,-1.8256,0.1098,0.6048
"GENE1701",0.4969,5.3135,1.1041,0.3074,0.8732
"GENE1702",0.1079,9.1073,0.1997,0.846,0.9888
"GENE1703",0.9421,5.9644,1.9309,0.08232,0.526
"GENE1704",0.4339,4.1133,0.8327,0.4303,0.904
"GENE1705",-0.1991,9.1906,-0.6845,0.5093,0.9416
"GENE1706",-0.177,5.5737,-1.0421,0.322,0.8739
"GENE1707",-0.2859,7.0717,-0.5113,0.6218,0.9745
"GENE1708",0.022,8.3137,0.1216,0.9067,0.9908
"GENE1709",0.5295,6.7504,1.3294,0.2134,0.792
"GENE1710",0.0669,8.7191,0.3997,0.7002,0.9879
"GENE1711",-0.2895,4.3091,-1.7059,0.1418,0.6728
"GENE1712",0.3257,9.3018,1.1346,0.2859,0.8617
"GENE1713",-0.5686,2.1087,-1.7054,0.1194,0.622
"GENE1714",0.6646,3.6467,1.295,0.2244,0.8033
"GENE1715",0.1369,5.4136,0.2071,0.8401,0.9888
"GENE1716",-0.2087,6.4833,-0.3814,0.715,0.9879
"GENE1717",-0.4382,4.8206,-2.0704,0.06703,0.4906
"GENE1718",1.3868,7.7363,5.4615,0.0003212,0.01004
"GENE1719",0.6787,7.0353,2.093,0.06953,0.5002
"GENE1720",-0.1984,7.4726,-0.3893,0.7054,0.9879
"GENE1721",-0.7525,8.5819,-1.3839,0.1966,0.7711
"GENE1722",0.0628,3.265,0.3076,0.7647,0.9888
"GENE1723",-0.2667,8.3087,-0.3753,0.7168,0.9879
"GENE1724",0.064,5.4808,0.2808,0.7846,0.9888
"GENE1725",-0.1988,4.299,-0.9138,0.3827,0.8962
"GENE1726",0.3704,2.618,2.9048,0.01574,0.2018
"GENE1727",-0.1966,4.2593,-1.086,0.3031,0.8732
"GENE1728",0.2894,4.9271,0.4313,0.6755,0.9879
"GENE1729",1.1844,2.5076,5.5334,0.0002523,0.008553
"GENE1730",0.418,5.3257,0.9364,0.3728,0.894
"GENE1731",0.6857,6.7612,0.9885,0.3462,0.8845
"GENE1732",-0.8737,2.7761,-2.3025,0.0442,0.3947
"GENE1733",-0.6533,6.3187,-0.9585,0.3627,0.8914
"GENE1734",0.4274,3.209,0.9,0.3977,0.9008
"GENE1735",3.9751,6.8649,7.8677,4.443e-05,0.002614
"GENE1736",-0.6623,7.6599,-1.619,0.1456,0.6783
"GENE1737",-0.0554,1.5353,-0.1813,0.8598,0.9888
"GENE1738",-0.1663,10.6992,-0.783,0.4518,0.9155
"GENE1739",0.5399,3.3165,2.3365,0.04941,0.4117
"GENE1740",-0.1692,7.425,-0.2644,0.7989,0.9888
"GENE1741",-1.2021,9.7683,-2.5202,0.03042,0.3057
"GENE1742",0.464,3.7094,1.3085,0.2202,0.8019
"GENE1743",-0.0196,4.3854,-0.0554,0.9569,0.9908
"GENE1744",-0.2252,8.3694,-1.0002,0.3495,0.8848
"GENE1745",-0.4542,5.007,-1.7866,0.1054,0.6048
"GENE1746",-0.0296,3.9985,-0.0619,0.9522,0.9908
"GENE1747",-0.2512,9.2108,-0.8045,0.4407,0.9106
"GENE1748",-0.0184,9.2908,-0.0877,0.932,0.9908
"GENE1749",0.7821,5.5748,1.5621,0.1506,0.6861
"GENE1750",0.0629,10.6459,0.3477,0.7355,0.9888
"GENE1751",1.4108,10.4955,5.1973,0.0004321,0.01234
"GENE1752",-0.3516,6.0547,-1.0747,0.3081,0.8739
"GENE1753",-0.1002,4.3687,-0.2219,0.8292,0.9888
"GENE1754",0.4811,4.4669,0.9988,0.3415,0.8835
"GENE1755",0.0835,8.1701,0.2841,0.7822,0.9888
"GENE1756",-0.2323,7.5311,-0.4868,0.6438,0.9793
"GENE1757",-0.2211,7.4813,-0.4914,0.6338,0.9745
"GENE1758",-0.1123,5.8927,-0.5298,0.6081,0.9745
"GENE1759",0.1658,6.2203,0.1781,0.8631,0.9888
"GENE1760",0.1835,4.7397,0.6659,0.5206,0.9487
"GENE1761",3.3878,9.9948,6.9276,0.0001771,0.006811
"GENE1762",0.746,5.4942,2.7174,0.02555,0.2779
"GENE1763",2.5011,11.3117,10.42,1.748e-06,0.0003884
"GENE1764",0.1925,7.3,0.6134,0.5554,0.9634
"GENE1765",1.0508,7.9361,1.8575,0.1167,0.6178
"GENE1766",-0.5789,8.4403,-1.8271,0.1018,0.6041
"GENE1767",0.2404,6.2875,0.7813,0.453,0.916
"GENE1768",0.9361,2.7338,4.2135,0.001944,0.0405
"GENE1769",-0.334,4.1958,-0.8069,0.4416,0.9115
"GENE1770",-0.1724,7.0499,-1.0281,0.3326,0.8739
"GENE1771",0.4569,8.3893,1.1947,0.2628,0.8504
"GENE1772",-1.22,5.3623,-1.557,0.1536,0.6935
"GENE1773",-0.0834,7.7038,-0.1573,0.8781,0.9888
"GENE1774",-0.0799,8.1425,-0.2118,0.8366,0.9888
"GENE1775",0.0547,7.8754,0.2331,0.8214,0.9888
"GENE1776",0.3177,8.0227,0.5703,0.5816,0.9693
"GENE1777",0.2355,5.4005,1.1352,0.2923,0.8661
"GENE1778",0.2391,8.0523,0.4184,0.6848,0.9879
"GENE1779",0.1878,5.1514,0.3589,0.7273,0.9879
"GENE1780",-0.3027,6.9742,-0.5475,0.5967,0.9745
"GENE1781",-0.7379,4.8608,-1.7124,0.1321,0.6542
"GENE1782",0.1447,6.9054,0.3001,0.773,0.9888
"GENE1783",0.4448,7.5545,1.4284,0.1849,0.7586
"GENE1784",-0.1796,5.9917,-0.564,0.587,0.9719
"GENE1785",0.0386,5.7943,0.2102,0.8396,0.9888
"GENE1786",0.5533,7.4043,0.7356,0.4808,0.9288
"GENE1787",0.5178,3.9536,1.6698,0.1264,0.635
"GENE1788",0.0899,8.3974,0.1781,0.8622,0.9888
"GENE1789",-1.8103,5.9506,-3.2182,0.009205,0.1384
"GENE1790",-0.0899,7.7313,-0.2877,0.7797,0.9888
"GENE1791",0.6588,5.2404,0.9483,0.3676,0.8935
"GENE1792",-0.2791,2.5529,-0.7639,0.4662,0.9222
"GENE1793",-0.2883,7.1562,-0.5157,0.6188,0.9745
"GENE1794",0.4054,5.2565,1.8163,0.106,0.6048
"GENE1795",-0.8388,8.07,-1.5481,0.1671,0.7205
"GENE1796",-0.4899,10.2185,-1.2815,0.2299,0.8037
"GENE1797",-0.0842,3.7247,-0.3735,0.7181,0.9879
"GENE1798",0.8318,9.1227,2.1694,0.05645,0.4448
"GENE1799",-0.171,5.1876,-0.4329,0.6782,0.9879
"GENE1800",-0.841,5.9046,-2.0109,0.08075,0.526
"GENE1801",-0.1298,4.6929,-0.2654,0.7973,0.9888
"GENE1802",-0.1405,5.2632,-0.897,0.392,0.9008
"GENE1803",-0.2722,3.6416,-0.8277,0.4272,0.9033
"GENE1804",0.3653,5.9303,1.1161,0.2916,0.8661
"GENE1805",-0.2143,7.2314,-0.4135,0.6908,0.9879
"GENE1806",0.3041,5.8578,0.4176,0.6871,0.9879
"GENE1807",-2.1338,1.5648,-4.7232,0.0008838,0.02104
"GENE1808",0.1226,5.4591,0.2041,0.8424,0.9888
"GENE1809",0.063,6.4784,0.2665,0.7953,0.9888
"GENE1810",0.0635,4.4213,0.1659,0.8715,0.9888
"GENE1811",0.2121,4.9839,0.4043,0.6951,0.9879
"GENE1812",0.089,3.113,0.1499,0.8838,0.9888
"GENE1813",-0.3542,7.2729,-0.3536,0.731,0.9879
"GENE1814",-0.5149,5.1113,-0.8936,0.393,0.9008
"GENE1815",-1.7668,11.3488,-5.0262,0.0005524,0.01466
"GENE1816",0.0415,8.0772,0.1974,0.8483,0.9888
"GENE1817",0.3666,5.3638,1.0823,0.3053,0.8732
"GENE1818",-0.4969,6.0093,-1.1532,0.2765,0.8605
"GENE1819",-0.6232,5.2007,-1.5913,0.143,0.6728
"GENE1820",0.4686,6.5378,1.1179,0.29,0.8661
"GENE1821",-0.5947,6.0099,-2.5948,0.02679,0.2865
"GENE1822",0.1502,2.8137,0.44,0.67,0.9867
"GENE1823",-0.449,2.1871,-1.6121,0.1564,0.6952
"GENE1824",-0.4928,7.198,-0.9716,0.3547,0.8898
"GENE1825",0.2399,1.3064,1.7816,0.1096,0.6048
"GENE1826",0.4798,5.2235,1.029,0.3278,0.8739
"GENE1827",0.2896,8.9734,0.6349,0.5404,0.9569
"GENE1828",-0.0103,3.1806,-0.0196,0.9848,0.9959
"GENE1829",0.2166,6.1565,0.8293,0.4264,0.9033
"GENE1830",-0.2459,9.4043,-0.5805,0.5754,0.9693
"GENE1831",0.0898,7.4065,0.162,0.8746,0.9888
"GENE1832",0.0369,8.8282,0.0778,0.9398,0.9908
"GENE1833",0.4721,3.7843,1.0379,0.3271,0.8739
"GENE1834",0.4546,7.172,2.0504,0.08154,0.526
"GENE1835",-0.2358,6.1719,-0.7317,0.483,0.9298
"GENE1836",0.0299,8.8277,0.1648,0.873,0.9888
"GENE1837",-0.1409,11.1346,-0.4645,0.6564,0.9861
"GENE1838",-0.1085,6.802,-0.2962,0.7751,0.9888
"GENE1839",1.3528,8.5172,9.2822,3.365e-06,0.0006047
"GENE1840",0.2755,5.259,0.6568,0.5263,0.9504
"GENE1841",0.2815,5.1168,0.7403,0.4763,0.9281
"GENE1842",-0.0877,4.4717,-0.2786,0.7864,0.9888
"GENE1843",-3.4659,1.6858,-11.9761,1.455e-06,0.0003768
"GENE1844",0.046,6.1085,0.2084,0.84,0.9888
"GENE1845",-0.0788,5.7625,-0.2616,0.7993,0.9888
"GENE1846",0.1137,7.5062,0.4535,0.6669,0.9861
"GENE1847",0.0633,5.4072,0.2488,0.8097,0.9888
"GENE1848",0.0379,4.2664,0.0843,0.9351,0.9908
"GENE1849",-0.3871,5.6391,-1.4916,0.1718,0.7265
"GENE1850",0.0352,9.7322,0.2424,0.8133,0.9888
"GENE1851",0.5782,7.0998,1.1077,0.3039,0.8732
"GENE1852",0.0587,6.754,0.1885,0.8543,0.9888
"GENE1853",0.0228,8.0456,0.0762,0.9413,0.9908
"GENE1854",0.2132,9.1539,0.6133,0.5545,0.9631
"GENE1855",0.2706,9.6251,0.8775,0.4078,0.9008
"GENE1856",0.1125,5.7873,0.2139,0.835,0.9888
"GENE1857",-0.0267,6.0957,-0.0677,0.9475,0.9908
"GENE1858",-0.5397,5.222,-1.1622,0.278,0.8605
"GENE1859",0.0616,5.2447,0.2215,0.8294,0.9888
"GENE1860",1.7413,7.2304,2.3158,0.04506,0.3976
"GENE1861",-0.0724,5.4829,-0.1901,0.8545,0.9888
"GENE1862",-2.7854,2.6588,-6.0606,0.0002262,0.007937
"GENE1863",-0.2571,5.494,-1.2031,0.2725,0.853
"GENE1864",0.2123,8.7186,0.5174,0.6207,0.9745
"GENE1865",-0.381,9.5775,-1.1281,0.288,0.8648
"GENE1866",0.4294,5.3824,0.8033,0.4422,0.9117
"GENE1867",-1.0735,7.3543,-2.2409,0.05002,0.4133
"GENE1868",0.0731,5.5361,0.4364,0.6728,0.9879
"GENE1869",0.749,5.5471,1.9034,0.09388,0.5724
"GENE1870",-0.6257,5.0022,-1.2717,0.2437,0.8235
"GENE1871",-0.142,2.439,-0.6765,0.5166,0.9471
"GENE1872",0.3022,9.759,0.6114,0.5548,0.9631
"GENE1873",-0.1292,7.4295,-0.3178,0.7593,0.9888
"GENE1874",0.7269,2.6721,2.2901,0.04573,0.3993
"GENE1875",-0.2087,5.1385,-0.4542,0.6607,0.9861
"GENE1876",0.175,9.0182,0.3663,0.7245,0.9879
"GENE1877",0.1157,6.4964,0.1807,0.8611,0.9888
"GENE1878",-0.2272,6.4326,-1.6302,0.1429,0.6728
"GENE1879",0.1042,7.5268,0.3189,0.7583,0.9888
"GENE1880",0.0414,8.2773,0.0954,0.9259,0.9908
"GENE1881",0.4012,7.6553,0.8649,0.4079,0.9008
"GENE1882",-0.2342,6.7209,-1.244,0.2426,0.8235
"GENE1883",-0.1311,8.4877,-0.4827,0.6418,0.9783
"GENE1884",0.3178,9.3278,0.8838,0.3976,0.9008
"GENE1885",0.1284,6.3386,0.4161,0.6867,0.9879
"GENE1886",0.3872,5.4782,0.7213,0.492,0.9309
"GENE1887",-0.2353,5.7917,-1.0358,0.3251,0.8739
"GENE1888",0.0285,6.6758,0.0681,0.9471,0.9908
"GENE1889",0.0616,5.0053,0.2196,0.8331,0.9888
"GENE1890",0.322,7.1268,1.0105,0.3403,0.8823
"GENE1891",-0.3517,3.1409,-1.5204,0.1594,0.6994
"GENE1892",0.1453,10.0823,0.2237,0.8285,0.9888
"GENE1893",-0.1026,1.203,-0.5323,0.6082,0.9745
"GENE1894",-0.7504,6.4437,-1.0311,0.3291,0.8739
"GENE1895",1.7055,7.2005,7.1947,3.843e-05,0.002402
"GENE1896",0.3526,7.1254,1.137,0.2828,0.8617
"GENE1897",0.8581,5.7746,2.9896,0.01648,0.2064
"GENE1898",0.1164,10.5674,0.2519,0.8093,0.9888
"GENE1899",-0.1484,5.6469,-0.6247,0.5499,0.9614
"GENE1900",-0.5244,6.5818,-1.4448,0.1919,0.7644
"GENE1901",-0.3237,8.2976,-0.6788,0.5129,0.9436
"GENE1902",0.2333,6.9112,0.5813,0.5807,0.9693
"GENE1903",0.4539,6.1133,1.11,0.3015,0.8732
"GENE1904",1.5143,5.4408,2.798,0.02104,0.2474
"GENE1905",-1.0378,5.7685,-1.8097,0.1051,0.6048
"GENE1906",0.0426,4.0985,0.0685,0.9472,0.9908
"GENE1907",0.5354,7.3934,2.1623,0.05734,0.4448
"GENE1908",-0.5672,7.0981,-1.1912,0.2666,0.8505
"GENE1909",0.2117,4.2154,0.6843,0.5093,0.9416
"GENE1910",-0.3361,5.2303,-0.5564,0.5991,0.9745
"GENE1911",0.0596,8.4111,0.1312,0.8982,0.9895
"GENE1912",0.0689,8.4404,0.3057,0.7661,0.9888
"GENE1913",-0.1631,3.8941,-0.6528,0.5307,0.9511
"GENE1914",-0.134,7.2929,-0.4026,0.6971,0.9879
"GENE1915",-0.8376,5.6695,-1.291,0.2282,0.8037
"GENE1916",0.4518,7.094,0.9051,0.3945,0.9008
"GENE1917",0.0115,4.3399,0.0235,0.9819,0.9959
"GENE1918",-0.1325,5.6068,-0.3228,0.7549,0.9888
"GENE1919",-0.7302,1.8029,-1.7653,0.1142,0.617
"GENE1920",-0.1049,4.4,-0.3165,0.7594,0.9888
"GENE1921",0.228,5.3622,0.3888,0.7057,0.9879
"GENE1922",0.6528,8.5058,2.0512,0.07001,0.5018
"GENE1923",-0.0019,3.4256,-0.0035,0.9973,0.9996
"GENE1924",-0.1691,6.7408,-0.9381,0.375,0.894
"GENE1925",0.3189,6.4305,1.0388,0.3334,0.8739
"GENE1926",0.5184,3.7584,0.9075,0.3856,0.8976
"GENE1927",-0.4128,6.5879,-1.0155,0.334,0.8739
"GENE1928",0.4528,9.2108,2.5649,0.02814,0.2886
"GENE1929",-0.3506,8.1097,-1.3957,0.1947,0.7679
"GENE1930",-0.8013,8.1311,-2.026,0.07133,0.5049
"GENE1931",0.1497,5.4609,0.5315,0.6069,0.9745
"GENE1932",-0.1892,8.138,-0.7684,0.4675,0.9225
"GENE1933",-0.1059,0.8971,-0.5084,0.6223,0.9745
"GENE1934",-0.3482,3.0646,-0.8385,0.4227,0.9033
"GENE1935",0.6468,5.6405,1.3993,0.2109,0.7895
"GENE1936",0.5149,6.5421,1.1869,0.2718,0.8527
"GENE1937",0.1201,6.9969,0.1943,0.8498,0.9888
"GENE1938",0.2002,7.2501,0.5072,0.6255,0.9745
"GENE1939",-0.8062,4.9401,-2.0041,0.07808,0.5258
"GENE1940",-0.0831,4.7519,-0.3839,0.7091,0.9879
"GENE1941",0.3609,5.3939,1.4107,0.19,0.7619
"GENE1942",-0.0156,4.6569,-0.0718,0.9442,0.9908
"GENE1943",0.146,5.7194,0.4263,0.6805,0.9879
"GENE1944",0.0828,7.8948,0.2052,0.8432,0.9888
"GENE1945",-0.2359,7.0926,-0.5496,0.5984,0.9745
"GENE1946",-0.3825,5.6969,-1.0013,0.3472,0.8845
"GENE1947",-0.1854,4.3064,-0.4449,0.6676,0.9861
"GENE1948",0.5473,5.9965,1.6521,0.1382,0.6728
"GENE1949",-0.0701,5.8464,-0.2133,0.8359,0.9888
"GENE1950",0.3315,8.2998,0.5995,0.5639,0.9689
"GENE1951",0.1018,1.3696,0.2684,0.7944,0.9888
"GENE1952",0.2115,4.048,0.6865,0.5093,0.9416
"GENE1953",-0.3815,7.3322,-0.8534,0.4138,0.9008
"GENE1954",-0.3463,7.9112,-0.5792,0.5759,0.9693
"GENE1955",0.0205,4.8422,0.0412,0.968,0.9913
"GENE1956",0.0477,5.9599,0.1231,0.9045,0.9908
"GENE1957",0.3976,9.9978,1.8015,0.1048,0.6048
"GENE1958",-0.6234,3.658,-1.0169,0.3403,0.8823
"GENE1959",0.1611,8.7748,0.4151,0.6885,0.9879
"GENE1960",1.4263,8.2466,4.5041,0.001451,0.0319
"GENE1961",-0.0728,7.8841,-0.1742,0.8652,0.9888
"GENE1962",2.2346,5.8923,5.4295,0.0004728,0.0131
"GENE1963",-0.0694,4.0068,-0.1282,0.9007,0.9895
"GENE1964",1.2917,7.345,2.0157,0.08191,0.526
"GENE1965",-0.3988,7.2763,-1.0629,0.3235,0.8739
"GENE1966",0.6804,5.4882,3.7014,0.01105,0.1525
"GENE1967",0.7207,4.6855,3.3667,0.007399,0.1156
"GENE1968",0.0956,8.8462,0.3164,0.7612,0.9888
"GENE1969",0.3095,3.1611,1.4584,0.187,0.7586
"GENE1970",-0.1724,8.6579,-0.3918,0.7052,0.9879
"GENE1971",0.0466,5.2874,0.1407,0.8912,0.9895
"GENE1972",1.1847,3.3305,1.5002,0.1692,0.7213
"GENE1973",1.6212,10.9623,3.7885,0.003564,0.06364
"GENE1974",-1.4074,6.7504,-3.1417,0.01392,0.1857
"GENE1975",0.0829,4.2161,0.2652,0.7974,0.9888
"GENE1976",0.1017,5.196,0.3727,0.7172,0.9879
"GENE1977",-0.0997,4.5871,-0.38,0.7125,0.9879
"GENE1978",-1.1051,6.5385,-2.4272,0.04929,0.4117
"GENE1979",-0.4138,6.1701,-1.8655,0.1023,0.6048
"GENE1980",-0.4877,3.2843,-4.422,0.001906,0.04014
"GENE1981",1.9812,7.17,7.3692,2.527e-05,0.001926
"GENE1982",-0.7873,4.4319,-1.0323,0.3322,0.8739
"GENE1983",-0.5165,7.3894,-0.7889,0.4485,0.9154
"GENE1984",0.9326,6.8269,3.4283,0.006458,0.1033
"GENE1985",0.0418,5.7535,0.1109,0.9139,0.9908
"GENE1986",0.5824,4.2336,1.3557,0.2054,0.7864
"GENE1987",0.0211,5.2423,0.0725,0.9437,0.9908
"GENE1988",-0.5723,3.6177,-1.2832,0.2303,0.8037
"GENE1989",0.3208,7.5676,1.1828,0.2807,0.8617
"GENE1990",-0.0253,9.188,-0.0581,0.9548,0.9908
"GENE1991",-0.9097,5.8936,-2.0362,0.07545,0.5167
"GENE1992",0.0253,7.081,0.1018,0.9212,0.9908
"GENE1993",1.7376,5.9943,5.4007,0.0003157,0.01004
"GENE1994",-0.3659,6.6769,-0.872,0.4042,0.9008
"GENE1995",0.4946,9.9998,0.8611,0.4094,0.9008
"GENE1996",0.2442,6.9686,0.5187,0.6157,0.9745
"GENE1997",-0.5774,8.6451,-0.8664,0.4109,0.9008
"GENE1998",0.3125,6.4516,2.5286,0.04245,0.3842
"GENE1999",-0.2203,3.4079,-0.3422,0.7393,0.9888
"GENE2000",-0.3018,3.9818,-0.9615,0.362,0.8914
